Workbook

Sheet peakflow_q1_2025_dirty
A1: DealID | B1: Date | C1: CustomerName | D1: CategoryName | E1: SalesRep | F1: Manager | G1: Region | H1: Units | I1: UnitPrice | J1: Revenue
A2: D-1088 | B2: 45658 | C2: Helix Systems | D2: Starter Plan | E2: Nina Petrov | F2: Lukas Becker | G2: North America | H2: 2 | I2: 44.27 | J2: 88.54
A3: D-1108 | B3: 45658 | C3: Meridian Group | D3: Pro Plan | E3: Tom Wilson | F3: Lukas Becker | G3: North America | H3: 10 | I3: 224.49 | J3: 125889
A4: D-1230 | B4: 45658 | C4: Fusion Group | D4: Pro Plan | E4: Marcus Johnson | F4: Sarah Chen | G4: LATAM | H4: 2 | I4: 248.58 | J4: $497.16
A5: D-1035 | B5: 45659 | C5: Nova Inc | D5: Add-on: Support | E5: Elena Rossi | F5: Lukas Becker | G5: EMEA | H5: 1 | I5: 112.19 | J5: 112.19
A6: D-1152 | B6: 45659 | C6: Catalyst Inc | D6: Starter Plan | E6: Elena Rossi | F6: Lukas Becker | G6: North America | H6: 1 | I6: 73.94 | J6: 73.94
A7: D-1202 | B7: 45659 | C7: Nimbus Co | D7: Business Plan | E7: James Park | F7: Owen Walsh | G7: North America | H7: 5 | I7: 369.19 | J7: 1845.95
A8: D-1249 | B8: 45659 | C8: Summit Group | D8: Enterprise Plan | E8: Elena Rossi | F8: Lukas Becker | G8: North America | H8: 1 | I8: 1198.59 | J8: 1198.59
A9: D-1054 | B9: 45661 | C9: Northwind Co | D9: Enterprise Plan | E9: David Kim | F9: Sarah Chen | G9: EMEA | H9: 2 | I9: 1182.78 | J9: 2365.56
A10: D-1102 | B10: 45661 | C10: Lumen Labs | D10: Starter Plan | E10: Carlos Mendez | F10: Maya Rodriguez | G10: EMEA | H10: 1 | I10: 68.06 | J10: 68.06
A11: D-1115 | B11: 45661 | C11: Kestrel Co | D11: Add-on: Support | E11: Tom Wilson | F11: Lukas Becker | G11: APAC | H11: 2 | I11: 118.97 | J11: 237.94
A12: D-1138 | B12: 45661 | C12: Nova Inc | D12: Starter Plan | E12: Marcus Johnson | F12: Sarah Chen | G12: LATAM | H12: 5 | I12: 53.28 | J12: 266.4
A13: D-1231 | B13: 45661 | C13: Borealis Co | D13: Enterprise Plan | E13: Marcus Johnson | F13: Sarah Chen | G13: EMEA | H13: 1 | I13: 992.76 | J13: 992.76
A14: D-1008 | B14: 45662 | C14: Phoenix Co | D14: Pro Plan | E14: Tom Wilson | F14: Lukas Becker | G14: latam | H14: 20 | I14: 249.04 | J14: 1125162
A15: D-1071 | B15: 45662 | C15: Apex Group | D15: Business Plan | E15: David Kim | F15: Sarah Chen | G15: apac | H15: 1 | I15: 386.52 | J15: 386.52
A16: D-1105 | B16: 45662 | C16: Kestrel Co | D16: Pro Plan | E16: Elena Rossi | F16: Lukas Becker | G16: North America | H16: 1 | I16: 226.12 | J16: $226.12
A17: D-1110 | B17: 45662 | C17: Rivet Co | D17: Starter Plan | E17: James Park | F17: Owen Walsh | G17: latam | H17: 1 | I17: 73.28 | J17: 73.28
A18: D-1112 | B18: 45662 | C18: Borealis Co | D18: Starter Plan | E18: Hannah Lee | F18: Owen Walsh | G18: EMEA | H18: 5 | I18: 45.99 | J18: $229.95
A19: D-1132 | B19: 45662 | C19: Quanta Labs | D19: Starter Plan | E19: Hannah Lee | F19: Owen Walsh | G19: APAC | H19: 50 | I19: 70.68 | J19: $3,534.00
A20: D-1150 | B20: 45662 | C20: Nimbus Co | D20: Pro Plan | E20: James Park | F20: Owen Walsh | G20: EMEA | H20: 20 | I20: 192.21 | J20: 710064
A21: D-1194 | B21: 45662 | C21: Onyx Group | D21: Pro Plan | E21: Sophie Laurent | F21: Maya Rodriguez | G21: North America | H21: 2 | I21: 193.5 | J21: $387.00
A22: D-1091 | B22: 45663 | C22: Fusion Group | D22: Starter Plan | E22: Marcus Johnson | F22: Sarah Chen | G22: APAC | H22: 1 | I22: 53.39 | J22: $53.39
A23: D-1092 | B23: 45663 | C23: Summit Group | D23: Pro Plan | E23: Carlos Mendez | F23: Maya Rodriguez | G23: APAC | H23: 1 | I23: 202.22 | J23: 202.22
A24: D-1211 | B24: 45663 | C24: Apex Group | D24: Add-on: Analytics | E24: James Park | F24: Owen Walsh | G24: LATAM | H24: 5 | I24: 69.69 | J24: $348.45
A25: D-1063 | B25: 45664 | C25: Granite Co | D25: Add-on: Support | E25: Marcus Johnson | F25: Sarah Chen | G25: North America | H25: 1 | I25: 93.27 | J25: 93.27
A26: D-1206 | B26: 45664 | C26: Stellar Co | D26: Add-on: Analytics | E26: Elena Rossi | F26: Lukas Becker | G26: APAC | H26: 5 | I26: 74.69 | J26: 373.45
A27: D-1123 | B27: 45665 | C27: Nimbus Co | D27: Add-on: Support | E27: Tom Wilson | F27: Lukas Becker | G27: latam | H27: 1 | I27: 92.92 | J27: 92.92
A28: D-1121 | B28: 45666 | C28: Nova Inc | D28: Enterprise Plan | E28: Priya Patel | F28: Maya Rodriguez | G28: apac | H28: 1 | I28: 1388.69 | J28: $1,388.69
A29: D-1029 | B29: 45667 | C29: Cascade Group | D29: Starter Plan | E29: Sophie Laurent | F29: Maya Rodriguez | G29: APAC | H29: 50 | I29: 72.26 | J29: 3613.0
A30: D-1141 | B30: 45667 | C30: Nova Inc | D30: Enterprise Plan | E30: Elena Rossi | F30: Lukas Becker | G30: apac | H30: 1 | I30: 1234.13 | J30: $1234.13
A31: D-1155 | B31: 45667 | C31: Juniper Group | D31: Pro Plan | E31: Nina Petrov | F31: Lukas Becker | G31: North America | H31: 1 | I31: 219.47 | J31: 219.47
A32: D-1209 | B32: 45667 | C32: Lattice Co | D32: Pro Plan | E32: Elena Rossi | F32: Lukas Becker | G32: North America | H32: 1 | I32: 276.18 | J32: $276.18
... A42: D-1220 | B42: 45669 | C42: Echo Labs | D42: Add-on: Analytics | E42: Marcus Johnson | F42: Sarah Chen | G42: North America | H42: 1 | I42: 92.43 | J42: 92.43
A43: D-1058 | B43: 45670 | C43: Nimbus Co | D43: Business Plan | E43: Marcus Johnson | F43: Sarah Chen | G43: APAC | H43: 5 | I43: 422.7 | J43: 77919
A44: D-1229 | B44: 45670 | C44: Arcadia Inc | D44: Business Plan | E44: David Kim | F44: Sarah Chen | G44: EMEA | H44: 2 | I44: 409.02 | J44: 818.04
A45: D-1245 | B45: 45670 | C45: Quill Labs | D45: Pro Plan | E45: Priya Patel | F45: Maya Rodriguez | G45: North America | H45: 5 | I45: 177.21 | J45: $886.05
A46: D-1075 | B46: 45671 | C46: Beacon Labs | D46: Pro Plan | E46: Carlos Mendez | F46: Maya Rodriguez | G46: APAC | H46: 5 | I46: 230.19 | J46: $1,150.95
A47: D-1079 | B47: 45671 | C47: Onyx Group | D47: Starter Plan | E47: Nina Petrov | F47: Lukas Becker | G47: North America | H47: 1 | I47: 66.71 | J47: 66.71
A48: D-1169 | B48: 45671 | C48: Quartz Co | D48: Business Plan | E48: David Kim | F48: Sarah Chen | G48: EMEA | H48: 1 | I48: 426.07 | J48: $426.07
A49: D-1234 | B49: 45671 | C49: Pacific Co | D49: Pro Plan | E49: Priya Patel | F49: Maya Rodriguez | G49: North America | H49: 2 | I49: 233.74 | J49: $467.48
A50: D-1198 | B50: 45672 | C50: Juniper Group | D50: Business Plan | E50: Aisha Hassan | F50: Sarah Chen | G50: emea | H50: 1 | I50: 420.94 | J50: 420.94
A51: D-TEST1 | B51: 45672 | C51: TEST | D51: Pro Plan | E51: Test Rep | F51: Test Manager | G51: TEST | H51: 1 | I51: 1.0 | J51: 1.00
A52: D-1011 | B52: 45674 | C52: Harbor Inc | D52: Business Plan | E52: James Park | F52: Owen Walsh | G52: North America | H52: 1 | I52: 410.61 | J52: 410.61
A53: D-1041 | B53: 45674 | C53: Nova Inc | D53: Business Plan | E53: Aisha Hassan | F53: Sarah Chen | G53: APAC | H53: 1 | I53: 451.68 | J53: $451.68
A54: D-1106 | B54: 45674 | C54: Vertex Inc | D54: Enterprise Plan | E54: Marcus Johnson | F54: Sarah Chen | G54: LATAM | H54: 20 | I54: 1180.76 | J54: 23615.2
A55: D-1109 | B55: 45674 | C55: Stellar Co | D55: Pro Plan | E55: Aisha Hassan | F55: Sarah Chen | G55: North America | H55: 50 | I55: 214.71 | J55: 10735.5
... A88: D-1224 | B88: 45683 | C88: Verdant Inc | D88: Pro Plan | E88: Carlos Mendez | F88: Maya Rodriguez | G88: APAC | H88: 1 | I88: 195.73 | J88: 195.73
A89: D-1093 | B89: 45684 | C89: Obsidian Co | D89: Business Plan | E89: Elena Rossi | F89: Lukas Becker | G89: APAC | H89: 20 | I89: 487.09 | J89: 2864081
A90: D-1003 | B90: 45685 | C90: Citadel Group | D90: Enterprise Plan | E90: Carlos Mendez | F90: Maya Rodriguez | G90: EMEA | H90: 10 | I90: 1330.75 | J90: 13307.5
A91: D-1107 | B91: 45685 | C91: Nova Inc | D91: Enterprise Plan | E91: Nina Petrov | F91: Lukas Becker | G91: APAC | H91: 50 | I91: 932.32 | J91: 46616.0
A92: D-1135 | B92: 45685 | C92: Northwind Co | D92: Business Plan | E92: David Kim | F92: Sarah Chen | G92: North America | H92: 1 | I92: 493.26 | J92: 493.26
A93: D-1131 | B93: 45686 | C93: Quill Labs | D93: Starter Plan | E93: Carlos Mendez | F93: Maya Rodriguez | G93: North America | H93: 5 | I93: 45.35 | J93: 226.75
A94: D-1142 | B94: 45686 | C94: Apex Group | D94: Business Plan | E94: Hannah Lee | F94: Owen Walsh | G94: North America | H94: 1 | I94: 479.31 | J94: 479.31
A95: D-1199 | B95: 45686 | C95: Meridian Group | D95: Starter Plan | E95: Carlos Mendez | F95: Maya Rodriguez | G95: EMEA | H95: 1 | I95: 49.17 | J95: 49.17
A96: D-1014 | B96: 45687 | C96: Obsidian Co | D96: Add-on: Support | E96: Carlos Mendez | F96: Maya Rodriguez | G96: emea | H96: 1 | I96: 114.94 | J96: $114.94
A97: D-1051 | B97: 45687 | C97: Orbit Co | D97: Enterprise Plan | E97: Elena Rossi | F97: Lukas Becker | G97: APAC | H97: 2 | I97: 1035.34 | J97: 2070.68
A98: D-1140 | B98: 45687 | C98: Solstice Group | D98: Add-on: Support | E98: Priya Patel | F98: Maya Rodriguez | G98: APAC | H98: 2 | I98: 122.21 | J98: $244.42
A99: D-1178 | B99: 45687 | C99: Verdant Inc | D99: Enterprise Plan | E99: Marcus Johnson | F99: Sarah Chen | G99: EMEA | H99: 20 | I99: 1004.37 | J99: 20087.4
A100: D-1146 | B100: 45688 | C100: Borealis Co | D100: Starter Plan | E100: Marcus Johnson | F100: Sarah Chen | G100: north america | H100: 2 | I100: 49.89 | J100: 99.78
A101: D-1059 | B101: 45689 | C101: Phoenix Co | D101: Add-on: Analytics | E101: Carlos Mendez | F101: Maya Rodriguez | G101: EMEA | H101: 1 | I101: 104.29 | J101: 104.29
... A109: D-1161 | B109: 45692 | C109: Harbor Inc | D109: Business Plan | E109: Hannah Lee | F109: Owen Walsh | G109: North America | H109: 5 | I109: 418.06 | J109: $2,090.30
A110: D-1210 | B110: 45692 | C110: Borealis Co | D110: Business Plan | E110: Aisha Hassan | F110: Sarah Chen | G110: LATAM | H110: 5 | I110: 431.34 | J110: 93686
A111: D-1101 | B111: 45693 | C111: Rivet Co | D111: Pro Plan | E111: Nina Petrov | F111: Lukas Becker | G111: EMEA | H111: 5 | I111: 193.4 | J111: $967.0
A112: D-1243 | B112: 45693 | C112: Nimbus Co | D112: Pro Plan | E112: Nina Petrov | F112: Lukas Becker | G112: North America | H112: 5 | I112: 249.29 | J112: $1,246.45
A113: D-1015 | B113: 45694 | C113: Citadel Group | D113: Starter Plan | E113: Raj Sharma | F113: Owen Walsh | G113: APAC | H113: 1 | I113: 42.9 | J113: 42.9
A114: D-1038 | B114: 45695 | C114: Quanta Labs | D114: Pro Plan | E114: Nina Petrov | F114: Lukas Becker | G114: NORTH AMERICA | H114: 1 | I114: 184.49 | J114: 184.49
A115: D-1232 | B115: 45695 | C115: Vertex Inc | D115: Starter Plan | E115: Priya Patel | F115: Maya Rodriguez | G115: APAC | H115: 1 | I115: 54.56 | J115: $54.56
A116: D-1232 | B116: 45695 | C116: Vertex Inc | D116: Starter Plan | E116: Priya Patel | F116: Maya Rodriguez | G116: APAC | H116: 1 | I116: 54.56 | J116: $54.56
A117: D-1103 | B117: 45696 | C117: Foundry Group | D117: Starter Plan | E117: Sophie Laurent | F117: Maya Rodriguez | G117: APAC | H117: 2 | I117: 45.13 | J117: $90.26
A118: D-1116 | B118: 45696 | C118: Cascade Group | D118: Starter Plan | E118: Elena Rossi | F118: Lukas Becker | G118: APAC | H118: 1 | I118: 74.46 | J118: 74.46
A119: D-1181 | B119: 45696 | C119: Summit Group | D119: Pro Plan | E119: Priya Patel | F119: Maya Rodriguez | G119: EMEA | H119: 1 | I119: 235.36 | J119: $235.36
A120: D-1207 | B120: 45696 | C120: Summit Group | D120: Pro Plan | E120: David Kim | F120: Sarah Chen | G120: NORTH AMERICA | H120: 20 | I120: 228.23 | J120: 973160
A121: D-1247 | B121: 45696 | C121: Borealis Co | D121: Add-on: Support | E121: Priya Patel | F121: Maya Rodriguez | G121: EMEA | H121: 20 | I121: 81.9 | J121: 1638.0
A122: D-1044 | B122: 45697 | C122: Arcadia Inc | D122: Enterprise Plan | E122: Aisha Hassan | F122: Sarah Chen | G122: APAC | H122: 10 | I122: 1118.07 | J122: $11180.7
A123: D-1213 | B123: 45697 | C123: Phoenix Co | D123: Business Plan | E123: Tom Wilson | F123: Lukas Becker | G123: LATAM | H123: 1 | I123: 440.61 | J123: 440.61
A124: D-1100 | B124: 45698 | C124: Northwind Co | D124: Pro Plan | E124: Marcus Johnson | F124: Sarah Chen | G124: North America | H124: 20 | I124: 205.16 | J124: 804662
A125: D-1129 | B125: 45698 | C125: Kinetic Labs | D125: Starter Plan | E125: Carlos Mendez | F125: Maya Rodriguez | G125: EMEA | H125: 1 | I125: 57.44 | J125: 57.44
A126: D-1191 | B126: 45699 | C126: Lumen Labs | D126: Add-on: Analytics | E126: Carlos Mendez | F126: Maya Rodriguez | G126: LATAM | H126: 1 | I126: 78.92 | J126: $78.92
A127: D-1205 | B127: 45699 | C127: Orbit Co | D127: Business Plan | E127: James Park | F127: Owen Walsh | G127: EMEA | H127: 2 | I127: 410.14 | J127: 820.28
A128: D-1050 | B128: 45700 | C128: Atlas Group | D128: Starter Plan | E128: Hannah Lee | F128: Owen Walsh | G128: North America | H128: 5 | I128: 52.69 | J128: 263.45
A129: D-1136 | B129: 45701 | C129: Verdant Inc | D129: Add-on: Analytics | E129: Hannah Lee | F129: Owen Walsh | G129: LATAM | H129: 10 | I129: 110.27 | J129: $1,102.70
A130: D-1099 | B130: 45703 | C130: Driftwood Co | D130: Pro Plan | E130: Sophie Laurent | F130: Maya Rodriguez | G130: LATAM | H130: 1 | I130: 287.77 | J130: $287.77
A131: D-1208 | B131: 45704 | C131: Iris Co | D131: Add-on: Analytics | E131: Sophie Laurent | F131: Maya Rodriguez | G131: North America | H131: 1 | I131: 104.56 | J131: 104.56
A132: D-1017 | B132: 45705 | C132: Nova Inc | D132: Enterprise Plan | E132: Priya Patel | F132: Maya Rodriguez | G132: LATAM | H132: 1 | I132: 1339.78 | J132: 1339.78
A133: D-1042 | B133: 45706 | C133: Helix Systems | D133: Starter Plan | E133: Raj Sharma | F133: Owen Walsh | G133: EMEA | H133: 1 | I133: 60.51 | J133: 60.51
A134: D-1045 | B134: 45706 | C134: Meridian Group | D134: Starter Plan | E134: Aisha Hassan | F134: Sarah Chen | G134: north america | H134: 5 | I134: 40.5 | J134: 202.5
A135: D-1195 | B135: 45706 | C135: Atlas Group | D135: Pro Plan | E135: Raj Sharma | F135: Owen Walsh | G135: North America | H135: 20 | I135: 288.1 | J135: 5762.0
A136: D-1203 | B136: 45706 | C136: Pacific Co | D136: Business Plan | E136: Marcus Johnson | F136: Sarah Chen | G136: EMEA | H136: 1 | I136: 415.25 | J136: 415.25
A137: D-1239 | B137: 45706 | C137: Vertex Inc | D137: Starter Plan | E137: James Park | F137: Owen Walsh | G137: APAC | H137: 2 | I137: 42.09 | J137: 84.18
A138: D-1154 | B138: 45707 | C138: Citadel Group | D138: Enterprise Plan | E138: Marcus Johnson | F138: Sarah Chen | G138: APAC | H138: 10 | I138: 987.06 | J138: 2911136
A139: D-1143 | B139: 45708 | C139: Lumen Labs | D139: Starter Plan | E139: Raj Sharma | F139: Owen Walsh | G139: EMEA | H139: 2 | I139: 72.12 | J139: $144.24
A140: D-1214 | B140: 45708 | C140: Pacific Co | D140: Add-on: Analytics | E140: Hannah Lee | F140: Owen Walsh | G140: LATAM | H140: 50 | I140: 62.85 | J140: 453753
A141: D-TEST2 | B141: 45708 | C141: QA Test | D141: Pro Plan | E141: QA User | F141: QA | G141: TEST | H141: 1 | I141: 1.0 | J141: 1.00
A142: D-1016 | B142: 45709 | C142: Driftwood Co | D142: Pro Plan | E142: Marcus Johnson | F142: Sarah Chen | G142: North America | H142: 2 | I142: 273.36 | J142: 546.72
A143: D-1031 | B143: 45709 | C143: Northwind Co | D143: Starter Plan | E143: Elena Rossi | F143: Lukas Becker | G143: APAC | H143: 50 | I143: 71.74 | J143: 3587.0
A144: D-1052 | B144: 45709 | C144: Cascade Group | D144: Business Plan | E144: Sophie Laurent | F144: Maya Rodriguez | G144: EMEA | H144: 10 | I144: 490.82 | J144: 1098682
A145: D-1087 | B145: 45709 | C145: Stellar Co | D145: Business Plan | E145: Marcus Johnson | F145: Sarah Chen | G145: emea | H145: 2 | I145: 400.66 | J145: 801.32
A146: D-1119 | B146: 45709 | C146: Stellar Co | D146: Pro Plan | E146: David Kim | F146: Sarah Chen | G146: EMEA | H146: 5 | I146: 157.24 | J146: 786.2
A147: D-1175 | B147: 45709 | C147: Granite Co | D147: Starter Plan | E147: Marcus Johnson | F147: Sarah Chen | G147: latam | H147: 1 | I147: 60.23 | J147: 60.23
A148: D-1242 | B148: 45709 | C148: Vertex Inc | D148: Starter Plan | E148: Marcus Johnson | F148: Sarah Chen | G148: APAC | H148: 1 | I148: 46.99 | J148: 46.99
...

Sheet Datensätze
A1: DealID | B1: Date | C1: CustomerName | D1: CategoryName | E1: SalesRep | F1: Manager | G1: Region | H1: Units | I1: UnitPrice | J1: Revenue | K1: CategoryName gesäubert | L1: SalesRep gesäubert | M1: Regiongesäubert | N1: UnitPrice gesäubert | O1: Revenuegesäubert
A2: D-1001 | B2: 45669 | C2: Phoenix Co | D2: Starter Plan | E2: Priya Patel | F2: Maya Rodriguez | G2: LATAM | H2: 1 | I2: 45.33 | J2: 45.33 | K2: {=IF(D2:D998="","",SUBSTITUTE(PROPER(D2:D998),"Add-On","Add-on"))} -> Starter Plan | L2: =TRIM(E2) -> Priya Patel | M2: =IF(G2="","",IF(LOWER(TRIM(G2))="north america","North America",IF(LOWER(TRIM(G2))="emea","EMEA",IF(LOWER(TRIM(G2))="apac","APAC",IF(LOWER(TRIM(G2))="latam","LATAM",TRIM(G2)))))) -> LATAM | N2: =VALUE(SUBSTITUTE(SUBSTITUTE(SUBSTITUTE(I2,"$",""),",",""),".",",")) -> 45.33 | O2: =IF(OR(H2="",N2=""),"",H2*N2) -> 45.33
A3: D-1002 | B3: 45683 | C3: Nova Inc | D3: Pro Plan | E3: David Kim | F3: Sarah Chen | G3: latam | H3: 1 | I3: 243.59 | J3: 243.59 | K3: Pro Plan | L3: =TRIM(E3) -> David Kim | M3: =IF(G3="","",IF(LOWER(TRIM(G3))="north america","North America",IF(LOWER(TRIM(G3))="emea","EMEA",IF(LOWER(TRIM(G3))="apac","APAC",IF(LOWER(TRIM(G3))="latam","LATAM",TRIM(G3)))))) -> LATAM | N3: =VALUE(SUBSTITUTE(SUBSTITUTE(SUBSTITUTE(I3,"$",""),",",""),".",",")) -> 243.59 | O3: =IF(OR(H3="",N3=""),"",H3*N3) -> 243.59
A4: D-1003 | B4: 45685 | C4: Citadel Group | D4: Enterprise Plan | E4: Carlos Mendez | F4: Maya Rodriguez | G4: EMEA | H4: 10 | I4: 1330.75 | J4: 13307.5 | K4: Enterprise Plan | L4: =TRIM(E4) -> Carlos Mendez | M4: =IF(G4="","",IF(LOWER(TRIM(G4))="north america","North America",IF(LOWER(TRIM(G4))="emea","EMEA",IF(LOWER(TRIM(G4))="apac","APAC",IF(LOWER(TRIM(G4))="latam","LATAM",TRIM(G4)))))) -> EMEA | N4: =VALUE(SUBSTITUTE(SUBSTITUTE(SUBSTITUTE(I4,"$",""),",",""),".",",")) -> 1330.75 | O4: =IF(OR(H4="",N4=""),"",H4*N4) -> 13307.5 | Q4: Protokoll 2 Zeilen manuell gelöscht (D-TEST1, D-TEST2) Kategorienamen korrigieren und vereinheitlich Leerzeichen in der Spalte Vertriebsmitarbeiter (SalesRep) entfernt In der Spalte Region Groß-/Kleinschreibung vereinheitlicht UnitPrice & Revenue als Zahl dargestellt
A5: D-1004 | B5: 45725 | C5: Prism Group | D5: Business Plan | E5: Aisha Hassan | F5: Sarah Chen | G5: LATAM | H5: 1 | I5: 492.03 | J5: $492.03 | K5: Business Plan | L5: =TRIM(E5) -> Aisha Hassan | M5: =IF(G5="","",IF(LOWER(TRIM(G5))="north america","North America",IF(LOWER(TRIM(G5))="emea","EMEA",IF(LOWER(TRIM(G5))="apac","APAC",IF(LOWER(TRIM(G5))="latam","LATAM",TRIM(G5)))))) -> LATAM | N5: =VALUE(SUBSTITUTE(SUBSTITUTE(SUBSTITUTE(I5,"$",""),",",""),".",",")) -> 492.03 | O5: =IF(OR(H5="",N5=""),"",H5*N5) -> 492.03
A6: D-1005 | B6: 45712 | C6: Echo Labs | D6: Pro Plan | E6: Elena Rossi | F6: Lukas Becker | G6: North America | H6: 1 | I6: 233.69 | J6: 233.69 | K6: Pro Plan | L6: =TRIM(E6) -> Elena Rossi | M6: =IF(G6="","",IF(LOWER(TRIM(G6))="north america","North America",IF(LOWER(TRIM(G6))="emea","EMEA",IF(LOWER(TRIM(G6))="apac","APAC",IF(LOWER(TRIM(G6))="latam","LATAM",TRIM(G6)))))) -> North America | N6: =VALUE(SUBSTITUTE(SUBSTITUTE(SUBSTITUTE(I6,"$",""),",",""),".",",")) -> 233.69 | O6: =IF(OR(H6="",N6=""),"",H6*N6) -> 233.69
A7: D-1006 | B7: 45683 | C7: Nova Inc | D7: Add-on: Support | E7: Aisha Hassan | F7: Sarah Chen | G7: APAC | H7: 1 | I7: 116.31 | J7: $116.31 | K7: Add-on: Support | L7: =TRIM(E7) -> Aisha Hassan | M7: =IF(G7="","",IF(LOWER(TRIM(G7))="north america","North America",IF(LOWER(TRIM(G7))="emea","EMEA",IF(LOWER(TRIM(G7))="apac","APAC",IF(LOWER(TRIM(G7))="latam","LATAM",TRIM(G7)))))) -> APAC | N7: =VALUE(SUBSTITUTE(SUBSTITUTE(SUBSTITUTE(I7,"$",""),",",""),".",",")) -> 116.31 | O7: =IF(OR(H7="",N7=""),"",H7*N7) -> 116.31
A8: D-1007 | B8: 45678 | C8: Borealis Co | D8: Add-on: Support | E8: Nina Petrov | F8: Lukas Becker | G8: LATAM | H8: 1 | I8: 146.67 | J8: 146.67 | K8: Add-on: Support | L8: =TRIM(E8) -> Nina Petrov | M8: =IF(G8="","",IF(LOWER(TRIM(G8))="north america","North America",IF(LOWER(TRIM(G8))="emea","EMEA",IF(LOWER(TRIM(G8))="apac","APAC",IF(LOWER(TRIM(G8))="latam","LATAM",TRIM(G8)))))) -> LATAM | N8: =VALUE(SUBSTITUTE(SUBSTITUTE(SUBSTITUTE(I8,"$",""),",",""),".",",")) -> 146.67 | O8: =IF(OR(H8="",N8=""),"",H8*N8) -> 146.67
A9: D-1008 | B9: 45662 | C9: Phoenix Co | D9: Pro Plan | E9: Tom Wilson | F9: Lukas Becker | G9: latam | H9: 20 | I9: 249.04 | J9: 1125162 | K9: Pro Plan | L9: =TRIM(E9) -> Tom Wilson | M9: =IF(G9="","",IF(LOWER(TRIM(G9))="north america","North America",IF(LOWER(TRIM(G9))="emea","EMEA",IF(LOWER(TRIM(G9))="apac","APAC",IF(LOWER(TRIM(G9))="latam","LATAM",TRIM(G9)))))) -> LATAM | N9: =VALUE(SUBSTITUTE(SUBSTITUTE(SUBSTITUTE(I9,"$",""),",",""),".",",")) -> 249.04 | O9: =IF(OR(H9="",N9=""),"",H9*N9) -> 4980.8
A10: D-1009 | B10: 45669 | C10: Foundry Group | D10: Pro Plan | E10: Marcus Johnson | F10: Sarah Chen | G10: North America | H10: 1 | I10: 213.81 | J10: 213.81 | K10: Pro Plan | L10: =TRIM(E10) -> Marcus Johnson | M10: =IF(G10="","",IF(LOWER(TRIM(G10))="north america","North America",IF(LOWER(TRIM(G10))="emea","EMEA",IF(LOWER(TRIM(G10))="apac","APAC",IF(LOWER(TRIM(G10))="latam","LATAM",TRIM(G10)))))) -> North America | N10: =VALUE(SUBSTITUTE(SUBSTITUTE(SUBSTITUTE(I10,"$",""),",",""),".",",")) -> 213.81 | O10: =IF(OR(H10="",N10=""),"",H10*N10) -> 213.81
A11: D-1010 | B11: 45683 | C11: Driftwood Co | D11: Business Plan | E11: Marcus Johnson | F11: Sarah Chen | G11: APAC | H11: 1 | I11: 428.51 | J11: 428.51 | K11: Business Plan | L11: =TRIM(E11) -> Marcus Johnson | M11: =IF(G11="","",IF(LOWER(TRIM(G11))="north america","North America",IF(LOWER(TRIM(G11))="emea","EMEA",IF(LOWER(TRIM(G11))="apac","APAC",IF(LOWER(TRIM(G11))="latam","LATAM",TRIM(G11)))))) -> APAC | N11: =VALUE(SUBSTITUTE(SUBSTITUTE(SUBSTITUTE(I11,"$",""),",",""),".",",")) -> 428.51 | O11: =IF(OR(H11="",N11=""),"",H11*N11) -> 428.51
A12: D-1011 | B12: 45674 | C12: Harbor Inc | D12: Business Plan | E12: James Park | F12: Owen Walsh | G12: North America | H12: 1 | I12: 410.61 | J12: 410.61 | K12: Business Plan | L12: =TRIM(E12) -> James Park | M12: =IF(G12="","",IF(LOWER(TRIM(G12))="north america","North America",IF(LOWER(TRIM(G12))="emea","EMEA",IF(LOWER(TRIM(G12))="apac","APAC",IF(LOWER(TRIM(G12))="latam","LATAM",TRIM(G12)))))) -> North America | N12: =VALUE(SUBSTITUTE(SUBSTITUTE(SUBSTITUTE(I12,"$",""),",",""),".",",")) -> 410.61 | O12: =IF(OR(H12="",N12=""),"",H12*N12) -> 410.61
A13: D-1012 | B13: 45677 | C13: Lumen Labs | D13: Add-on: Analytics | E13: Priya Patel | F13: Maya Rodriguez | G13: LATAM | H13: 5 | I13: 103.1 | J13: 515.5 | K13: Add-on: Analytics | L13: =TRIM(E13) -> Priya Patel | M13: =IF(G13="","",IF(LOWER(TRIM(G13))="north america","North America",IF(LOWER(TRIM(G13))="emea","EMEA",IF(LOWER(TRIM(G13))="apac","APAC",IF(LOWER(TRIM(G13))="latam","LATAM",TRIM(G13)))))) -> LATAM | N13: =VALUE(SUBSTITUTE(SUBSTITUTE(SUBSTITUTE(I13,"$",""),",",""),".",",")) -> 103.1 | O13: =IF(OR(H13="",N13=""),"",H13*N13) -> 515.5
A14: D-1013 | B14: 45680 | C14: Apex Group | D14: Starter Plan | E14: Nina Petrov | F14: Lukas Becker | G14: LATAM | H14: 1 | I14: 46.97 | J14: 46.97 | K14: Starter Plan | L14: =TRIM(E14) -> Nina Petrov | M14: =IF(G14="","",IF(LOWER(TRIM(G14))="north america","North America",IF(LOWER(TRIM(G14))="emea","EMEA",IF(LOWER(TRIM(G14))="apac","APAC",IF(LOWER(TRIM(G14))="latam","LATAM",TRIM(G14)))))) -> LATAM | N14: =VALUE(SUBSTITUTE(SUBSTITUTE(SUBSTITUTE(I14,"$",""),",",""),".",",")) -> 46.97 | O14: =IF(OR(H14="",N14=""),"",H14*N14) -> 46.97
A15: D-1014 | B15: 45687 | C15: Obsidian Co | D15: Add-on: Support | E15: Carlos Mendez | F15: Maya Rodriguez | G15: emea | H15: 1 | I15: 114.94 | J15: $114.94 | K15: Add-on: Support | L15: =TRIM(E15) -> Carlos Mendez | M15: =IF(G15="","",IF(LOWER(TRIM(G15))="north america","North America",IF(LOWER(TRIM(G15))="emea","EMEA",IF(LOWER(TRIM(G15))="apac","APAC",IF(LOWER(TRIM(G15))="latam","LATAM",TRIM(G15)))))) -> EMEA | N15: =VALUE(SUBSTITUTE(SUBSTITUTE(SUBSTITUTE(I15,"$",""),",",""),".",",")) -> 114.94 | O15: =IF(OR(H15="",N15=""),"",H15*N15) -> 114.94
A16: D-1015 | B16: 45694 | C16: Citadel Group | D16: Starter Plan | E16: Raj Sharma | F16: Owen Walsh | G16: APAC | H16: 1 | I16: 42.9 | J16: 42.9 | K16: Starter Plan | L16: =TRIM(E16) -> Raj Sharma | M16: =IF(G16="","",IF(LOWER(TRIM(G16))="north america","North America",IF(LOWER(TRIM(G16))="emea","EMEA",IF(LOWER(TRIM(G16))="apac","APAC",IF(LOWER(TRIM(G16))="latam","LATAM",TRIM(G16)))))) -> APAC | N16: =VALUE(SUBSTITUTE(SUBSTITUTE(SUBSTITUTE(I16,"$",""),",",""),".",",")) -> 42.9 | O16: =IF(OR(H16="",N16=""),"",H16*N16) -> 42.9
A17: D-1016 | B17: 45709 | C17: Driftwood Co | D17: Pro Plan | E17: Marcus Johnson | F17: Sarah Chen | G17: North America | H17: 2 | I17: 273.36 | J17: 546.72 | K17: Pro Plan | L17: =TRIM(E17) -> Marcus Johnson | M17: =IF(G17="","",IF(LOWER(TRIM(G17))="north america","North America",IF(LOWER(TRIM(G17))="emea","EMEA",IF(LOWER(TRIM(G17))="apac","APAC",IF(LOWER(TRIM(G17))="latam","LATAM",TRIM(G17)))))) -> North America | N17: =VALUE(SUBSTITUTE(SUBSTITUTE(SUBSTITUTE(I17,"$",""),",",""),".",",")) -> 273.36 | O17: =IF(OR(H17="",N17=""),"",H17*N17) -> 546.72
A18: D-1017 | B18: 45705 | C18: Nova Inc | D18: Enterprise Plan | E18: Priya Patel | F18: Maya Rodriguez | G18: LATAM | H18: 1 | I18: 1339.78 | J18: 1339.78 | K18: Enterprise Plan | L18: =TRIM(E18) -> Priya Patel | M18: =IF(G18="","",IF(LOWER(TRIM(G18))="north america","North America",IF(LOWER(TRIM(G18))="emea","EMEA",IF(LOWER(TRIM(G18))="apac","APAC",IF(LOWER(TRIM(G18))="latam","LATAM",TRIM(G18)))))) -> LATAM | N18: =VALUE(SUBSTITUTE(SUBSTITUTE(SUBSTITUTE(I18,"$",""),",",""),".",",")) -> 1339.78 | O18: =IF(OR(H18="",N18=""),"",H18*N18) -> 1339.78
A19: D-1018 | B19: 45741 | C19: Nimbus Co | D19: Enterprise Plan | E19: Tom Wilson | F19: Lukas Becker | G19: latam | H19: 1 | I19: 1227.17 | J19: $1227.17 | K19: Enterprise Plan | L19: =TRIM(E19) -> Tom Wilson | M19: =IF(G19="","",IF(LOWER(TRIM(G19))="north america","North America",IF(LOWER(TRIM(G19))="emea","EMEA",IF(LOWER(TRIM(G19))="apac","APAC",IF(LOWER(TRIM(G19))="latam","LATAM",TRIM(G19)))))) -> LATAM | N19: =VALUE(SUBSTITUTE(SUBSTITUTE(SUBSTITUTE(I19,"$",""),",",""),".",",")) -> 1227.17 | O19: =IF(OR(H19="",N19=""),"",H19*N19) -> 1227.17
A20: D-1019 | B20: 45744 | C20: Onyx Group | D20: Starter Plan | E20: Tom Wilson | F20: Lukas Becker | G20: APAC | H20: 1 | I20: 72.37 | J20: 72.37 | K20: Starter Plan | L20: =TRIM(E20) -> Tom Wilson | M20: =IF(G20="","",IF(LOWER(TRIM(G20))="north america","North America",IF(LOWER(TRIM(G20))="emea","EMEA",IF(LOWER(TRIM(G20))="apac","APAC",IF(LOWER(TRIM(G20))="latam","LATAM",TRIM(G20)))))) -> APAC | N20: =VALUE(SUBSTITUTE(SUBSTITUTE(SUBSTITUTE(I20,"$",""),",",""),".",",")) -> 72.37 | O20: =IF(OR(H20="",N20=""),"",H20*N20) -> 72.37
A21: D-1020 | B21: 45714 | C21: Harbor Inc | D21: Pro Plan | E21: Tom Wilson | F21: Lukas Becker | G21: EMEA | H21: 10 | I21: 162.02 | J21: 1620.2 | K21: Pro Plan | L21: =TRIM(E21) -> Tom Wilson | M21: =IF(G21="","",IF(LOWER(TRIM(G21))="north america","North America",IF(LOWER(TRIM(G21))="emea","EMEA",IF(LOWER(TRIM(G21))="apac","APAC",IF(LOWER(TRIM(G21))="latam","LATAM",TRIM(G21)))))) -> EMEA | N21: =VALUE(SUBSTITUTE(SUBSTITUTE(SUBSTITUTE(I21,"$",""),",",""),".",",")) -> 162.02 | O21: =IF(OR(H21="",N21=""),"",H21*N21) -> 1620.2
... A47: D-1046 | B47: 45735 | C47: Beacon Labs | D47: Enterprise Plan | E47: James Park | F47: Owen Walsh | G47: North America | H47: 2 | I47: 1266.5 | J47: 2533.0 | K47: Enterprise Plan | L47: =TRIM(E47) -> James Park | M47: =IF(G47="","",IF(LOWER(TRIM(G47))="north america","North America",IF(LOWER(TRIM(G47))="emea","EMEA",IF(LOWER(TRIM(G47))="apac","APAC",IF(LOWER(TRIM(G47))="latam","LATAM",TRIM(G47)))))) -> North America | N47: =VALUE(SUBSTITUTE(SUBSTITUTE(SUBSTITUTE(I47,"$",""),",",""),".",",")) -> 1266.5 | O47: =IF(OR(H47="",N47=""),"",H47*N47) -> 2533
A48: D-1047 | B48: 45714 | C48: Atlas Group | D48: Starter plan | E48: James Park | F48: Owen Walsh | G48: north america | H48: 20 | I48: 110.31 | J48: 111797 | K48: Starter Plan | L48: =TRIM(E48) -> James Park | M48: =IF(G48="","",IF(LOWER(TRIM(G48))="north america","North America",IF(LOWER(TRIM(G48))="emea","EMEA",IF(LOWER(TRIM(G48))="apac","APAC",IF(LOWER(TRIM(G48))="latam","LATAM",TRIM(G48)))))) -> North America | N48: =VALUE(SUBSTITUTE(SUBSTITUTE(SUBSTITUTE(I48,"$",""),",",""),".",",")) -> 110.31 | O48: =IF(OR(H48="",N48=""),"",H48*N48) -> 2206.2
A49: D-1048 | B49: 45678 | C49: Orbit Co | D49: Pro Plan | E49: Priya Patel | F49: Maya Rodriguez | G49: APAC | H49: 2 | I49: 153.06 | J49: 306.12 | K49: Pro Plan | L49: =TRIM(E49) -> Priya Patel | M49: =IF(G49="","",IF(LOWER(TRIM(G49))="north america","North America",IF(LOWER(TRIM(G49))="emea","EMEA",IF(LOWER(TRIM(G49))="apac","APAC",IF(LOWER(TRIM(G49))="latam","LATAM",TRIM(G49)))))) -> APAC | N49: =VALUE(SUBSTITUTE(SUBSTITUTE(SUBSTITUTE(I49,"$",""),",",""),".",",")) -> 153.06 | O49: =IF(OR(H49="",N49=""),"",H49*N49) -> 306.12
A50: D-1049 | B50: 45712 | C50: Obsidian Co | D50: Add-on: Analytics | E50: Marcus Johnson | F50: Sarah Chen | G50: North America | H50: 1 | I50: 67.42 | J50: 67.42 | K50: Add-on: Analytics | L50: =TRIM(E50) -> Marcus Johnson | M50: =IF(G50="","",IF(LOWER(TRIM(G50))="north america","North America",IF(LOWER(TRIM(G50))="emea","EMEA",IF(LOWER(TRIM(G50))="apac","APAC",IF(LOWER(TRIM(G50))="latam","LATAM",TRIM(G50)))))) -> North America | N50: =VALUE(SUBSTITUTE(SUBSTITUTE(SUBSTITUTE(I50,"$",""),",",""),".",",")) -> 67.42 | O50: =IF(OR(H50="",N50=""),"",H50*N50) -> 67.42
A51: D-1050 | B51: 45700 | C51: Atlas Group | D51: Starter Plan | E51: Hannah Lee | F51: Owen Walsh | G51: North America | H51: 5 | I51: 52.69 | J51: 263.45 | K51: Starter Plan | L51: =TRIM(E51) -> Hannah Lee | M51: =IF(G51="","",IF(LOWER(TRIM(G51))="north america","North America",IF(LOWER(TRIM(G51))="emea","EMEA",IF(LOWER(TRIM(G51))="apac","APAC",IF(LOWER(TRIM(G51))="latam","LATAM",TRIM(G51)))))) -> North America | N51: =VALUE(SUBSTITUTE(SUBSTITUTE(SUBSTITUTE(I51,"$",""),",",""),".",",")) -> 52.69 | O51: =IF(OR(H51="",N51=""),"",H51*N51) -> 263.45
A52: D-1051 | B52: 45687 | C52: Orbit Co | D52: Enterprise Plan | E52: Elena Rossi | F52: Lukas Becker | G52: APAC | H52: 2 | I52: 1035.34 | J52: 2070.68 | K52: Enterprise Plan | L52: =TRIM(E52) -> Elena Rossi | M52: =IF(G52="","",IF(LOWER(TRIM(G52))="north america","North America",IF(LOWER(TRIM(G52))="emea","EMEA",IF(LOWER(TRIM(G52))="apac","APAC",IF(LOWER(TRIM(G52))="latam","LATAM",TRIM(G52)))))) -> APAC | N52: =VALUE(SUBSTITUTE(SUBSTITUTE(SUBSTITUTE(I52,"$",""),",",""),".",",")) -> 1035.34 | O52: =IF(OR(H52="",N52=""),"",H52*N52) -> 2070.68
A53: D-1052 | B53: 45709 | C53: Cascade Group | D53: Business Plan | E53: Sophie Laurent | F53: Maya Rodriguez | G53: EMEA | H53: 10 | I53: 490.82 | J53: 1098682 | K53: Business Plan | L53: =TRIM(E53) -> Sophie Laurent | M53: =IF(G53="","",IF(LOWER(TRIM(G53))="north america","North America",IF(LOWER(TRIM(G53))="emea","EMEA",IF(LOWER(TRIM(G53))="apac","APAC",IF(LOWER(TRIM(G53))="latam","LATAM",TRIM(G53)))))) -> EMEA | N53: =VALUE(SUBSTITUTE(SUBSTITUTE(SUBSTITUTE(I53,"$",""),",",""),".",",")) -> 490.82 | O53: =IF(OR(H53="",N53=""),"",H53*N53) -> 4908.2
A54: D-1053 | B54: 45740 | C54: Foundry Group | D54: Starter Plan | E54: Carlos Mendez | F54: Maya Rodriguez | G54: EMEA | H54: 50 | I54: 48.49 | J54: $2424.5 | K54: Starter Plan | L54: =TRIM(E54) -> Carlos Mendez | M54: =IF(G54="","",IF(LOWER(TRIM(G54))="north america","North America",IF(LOWER(TRIM(G54))="emea","EMEA",IF(LOWER(TRIM(G54))="apac","APAC",IF(LOWER(TRIM(G54))="latam","LATAM",TRIM(G54)))))) -> EMEA | N54: =VALUE(SUBSTITUTE(SUBSTITUTE(SUBSTITUTE(I54,"$",""),",",""),".",",")) -> 48.49 | O54: =IF(OR(H54="",N54=""),"",H54*N54) -> 2424.5
A55: D-1054 | B55: 45661 | C55: Northwind Co | D55: Enterprise Plan | E55: David Kim | F55: Sarah Chen | G55: EMEA | H55: 2 | I55: 1182.78 | J55: 2365.56 | K55: Enterprise Plan | L55: =TRIM(E55) -> David Kim | M55: =IF(G55="","",IF(LOWER(TRIM(G55))="north america","North America",IF(LOWER(TRIM(G55))="emea","EMEA",IF(LOWER(TRIM(G55))="apac","APAC",IF(LOWER(TRIM(G55))="latam","LATAM",TRIM(G55)))))) -> EMEA | N55: =VALUE(SUBSTITUTE(SUBSTITUTE(SUBSTITUTE(I55,"$",""),",",""),".",",")) -> 1182.78 | O55: =IF(OR(H55="",N55=""),"",H55*N55) -> 2365.56
A56: D-1055 | B56: 45690 | C56: Phoenix Co | D56: Starter Plan | E56: Raj Sharma | F56: Owen Walsh | G56: EMEA | H56: 5 | I56: 42.45 | J56: 212.25 | K56: Starter Plan | L56: =TRIM(E56) -> Raj Sharma | M56: =IF(G56="","",IF(LOWER(TRIM(G56))="north america","North America",IF(LOWER(TRIM(G56))="emea","EMEA",IF(LOWER(TRIM(G56))="apac","APAC",IF(LOWER(TRIM(G56))="latam","LATAM",TRIM(G56)))))) -> EMEA | N56: =VALUE(SUBSTITUTE(SUBSTITUTE(SUBSTITUTE(I56,"$",""),",",""),".",",")) -> 42.45 | O56: =IF(OR(H56="",N56=""),"",H56*N56) -> 212.25
A57: D-1056 | B57: 45715 | C57: Orbit Co | D57: Starter Plan | E57: Aisha Hassan | F57: Sarah Chen | G57: latam | H57: 2 | I57: 77.48 | J57: $154.96 | K57: Starter Plan | L57: =TRIM(E57) -> Aisha Hassan | M57: =IF(G57="","",IF(LOWER(TRIM(G57))="north america","North America",IF(LOWER(TRIM(G57))="emea","EMEA",IF(LOWER(TRIM(G57))="apac","APAC",IF(LOWER(TRIM(G57))="latam","LATAM",TRIM(G57)))))) -> LATAM | N57: =VALUE(SUBSTITUTE(SUBSTITUTE(SUBSTITUTE(I57,"$",""),",",""),".",",")) -> 77.48 | O57: =IF(OR(H57="",N57=""),"",H57*N57) -> 154.96
A58: D-1057 | B58: 45736 | C58: Arcadia Inc | D58: Business Plan | E58: Marcus Johnson | F58: Sarah Chen | G58: EMEA | H58: 2 | I58: 421.73 | J58: 843.46 | K58: Business Plan | L58: =TRIM(E58) -> Marcus Johnson | M58: =IF(G58="","",IF(LOWER(TRIM(G58))="north america","North America",IF(LOWER(TRIM(G58))="emea","EMEA",IF(LOWER(TRIM(G58))="apac","APAC",IF(LOWER(TRIM(G58))="latam","LATAM",TRIM(G58)))))) -> EMEA | N58: =VALUE(SUBSTITUTE(SUBSTITUTE(SUBSTITUTE(I58,"$",""),",",""),".",",")) -> 421.73 | O58: =IF(OR(H58="",N58=""),"",H58*N58) -> 843.46
A59: D-1058 | B59: 45670 | C59: Nimbus Co | D59: Business Plan | E59: Marcus Johnson | F59: Sarah Chen | G59: APAC | H59: 5 | I59: 422.7 | J59: 77919 | K59: Business Plan | L59: =TRIM(E59) -> Marcus Johnson | M59: =IF(G59="","",IF(LOWER(TRIM(G59))="north america","North America",IF(LOWER(TRIM(G59))="emea","EMEA",IF(LOWER(TRIM(G59))="apac","APAC",IF(LOWER(TRIM(G59))="latam","LATAM",TRIM(G59)))))) -> APAC | N59: =VALUE(SUBSTITUTE(SUBSTITUTE(SUBSTITUTE(I59,"$",""),",",""),".",",")) -> 422.7 | O59: =IF(OR(H59="",N59=""),"",H59*N59) -> 2113.5
A60: D-1059 | B60: 45689 | C60: Phoenix Co | D60: Add-on: Analytics | E60: Carlos Mendez | F60: Maya Rodriguez | G60: EMEA | H60: 1 | I60: 104.29 | J60: 104.29 | K60: Add-on: Analytics | L60: =TRIM(E60) -> Carlos Mendez | M60: =IF(G60="","",IF(LOWER(TRIM(G60))="north america","North America",IF(LOWER(TRIM(G60))="emea","EMEA",IF(LOWER(TRIM(G60))="apac","APAC",IF(LOWER(TRIM(G60))="latam","LATAM",TRIM(G60)))))) -> EMEA | N60: =VALUE(SUBSTITUTE(SUBSTITUTE(SUBSTITUTE(I60,"$",""),",",""),".",",")) -> 104.29 | O60: =IF(OR(H60="",N60=""),"",H60*N60) -> 104.29
A61: D-1060 | B61: 45727 | C61: Meridian Group | D61: Starter Plan | E61: Aisha Hassan | F61: Sarah Chen | G61: APAC | H61: 5 | I61: 60.18 | J61: $300.9 | K61: Starter Plan | L61: =TRIM(E61) -> Aisha Hassan | M61: =IF(G61="","",IF(LOWER(TRIM(G61))="north america","North America",IF(LOWER(TRIM(G61))="emea","EMEA",IF(LOWER(TRIM(G61))="apac","APAC",IF(LOWER(TRIM(G61))="latam","LATAM",TRIM(G61)))))) -> APAC | N61: =VALUE(SUBSTITUTE(SUBSTITUTE(SUBSTITUTE(I61,"$",""),",",""),".",",")) -> 60.18 | O61: =IF(OR(H61="",N61=""),"",H61*N61) -> 300.9
A62: D-1061 | B62: 45725 | C62: Nimbus Co | D62: Pro Plan | E62: Marcus Johnson | F62: Sarah Chen | G62: EMEA | H62: 5 | I62: 213.15 | J62: $1,065.75 | K62: Pro Plan | L62: =TRIM(E62) -> Marcus Johnson | M62: =IF(G62="","",IF(LOWER(TRIM(G62))="north america","North America",IF(LOWER(TRIM(G62))="emea","EMEA",IF(LOWER(TRIM(G62))="apac","APAC",IF(LOWER(TRIM(G62))="latam","LATAM",TRIM(G62)))))) -> EMEA | N62: =VALUE(SUBSTITUTE(SUBSTITUTE(SUBSTITUTE(I62,"$",""),",",""),".",",")) -> 213.15 | O62: =IF(OR(H62="",N62=""),"",H62*N62) -> 1065.75
A63: D-1062 | B63: 45682 | C63: Onyx Group | D63: Starter Plan | E63: Sophie Laurent | F63: Maya Rodriguez | G63: North America | H63: 10 | I63: 53.37 | J63: 533.7 | K63: Starter Plan | L63: =TRIM(E63) -> Sophie Laurent | M63: =IF(G63="","",IF(LOWER(TRIM(G63))="north america","North America",IF(LOWER(TRIM(G63))="emea","EMEA",IF(LOWER(TRIM(G63))="apac","APAC",IF(LOWER(TRIM(G63))="latam","LATAM",TRIM(G63)))))) -> North America | N63: =VALUE(SUBSTITUTE(SUBSTITUTE(SUBSTITUTE(I63,"$",""),",",""),".",",")) -> 53.37 | O63: =IF(OR(H63="",N63=""),"",H63*N63) -> 533.7
A64: D-1063 | B64: 45664 | C64: Granite Co | D64: Add-on: Support | E64: Marcus Johnson | F64: Sarah Chen | G64: North America | H64: 1 | I64: 93.27 | J64: 93.27 | K64: Add-on: Support | L64: =TRIM(E64) -> Marcus Johnson | M64: =IF(G64="","",IF(LOWER(TRIM(G64))="north america","North America",IF(LOWER(TRIM(G64))="emea","EMEA",IF(LOWER(TRIM(G64))="apac","APAC",IF(LOWER(TRIM(G64))="latam","LATAM",TRIM(G64)))))) -> North America | N64: =VALUE(SUBSTITUTE(SUBSTITUTE(SUBSTITUTE(I64,"$",""),",",""),".",",")) -> 93.27 | O64: =IF(OR(H64="",N64=""),"",H64*N64) -> 93.27
A65: D-1064 | B65: 45683 | C65: Solstice Group | D65: BUSINESS PLAN | E65: Elena Rossi | F65: Lukas Becker | G65: APAC | H65: 1 | I65: 61.21 | J65: 61.21 | K65: Business Plan | L65: =TRIM(E65) -> Elena Rossi | M65: =IF(G65="","",IF(LOWER(TRIM(G65))="north america","North America",IF(LOWER(TRIM(G65))="emea","EMEA",IF(LOWER(TRIM(G65))="apac","APAC",IF(LOWER(TRIM(G65))="latam","LATAM",TRIM(G65)))))) -> APAC | N65: =VALUE(SUBSTITUTE(SUBSTITUTE(SUBSTITUTE(I65,"$",""),",",""),".",",")) -> 61.21 | O65: =IF(OR(H65="",N65=""),"",H65*N65) -> 61.21
A66: D-1065 | B66: 45725 | C66: Borealis Co | D66: Starter Plan | E66: Tom Wilson | F66: Lukas Becker | G66: APAC | H66: 2 | I66: 67.86 | J66: 135.72 | K66: Starter Plan | L66: =TRIM(E66) -> Tom Wilson | M66: =IF(G66="","",IF(LOWER(TRIM(G66))="north america","North America",IF(LOWER(TRIM(G66))="emea","EMEA",IF(LOWER(TRIM(G66))="apac","APAC",IF(LOWER(TRIM(G66))="latam","LATAM",TRIM(G66)))))) -> APAC | N66: =VALUE(SUBSTITUTE(SUBSTITUTE(SUBSTITUTE(I66,"$",""),",",""),".",",")) -> 67.86 | O66: =IF(OR(H66="",N66=""),"",H66*N66) -> 135.72
A67: D-1066 | B67: 45668 | C67: Cascade Group | D67: Pro Plan | E67: David Kim | F67: Sarah Chen | G67: EMEA | H67: 2 | I67: 171.17 | J67: 342.34 | K67: Pro Plan | L67: =TRIM(E67) -> David Kim | M67: =IF(G67="","",IF(LOWER(TRIM(G67))="north america","North America",IF(LOWER(TRIM(G67))="emea","EMEA",IF(LOWER(TRIM(G67))="apac","APAC",IF(LOWER(TRIM(G67))="latam","LATAM",TRIM(G67)))))) -> EMEA | N67: =VALUE(SUBSTITUTE(SUBSTITUTE(SUBSTITUTE(I67,"$",""),",",""),".",",")) -> 171.17 | O67: =IF(OR(H67="",N67=""),"",H67*N67) -> 342.34
A68: D-1067 | B68: 45677 | C68: Onyx Group | D68: Starter Plan | E68: Raj Sharma | F68: Owen Walsh | G68: LATAM | H68: 20 | I68: 49.8 | J68: $996.0 | K68: Starter Plan | L68: =TRIM(E68) -> Raj Sharma | M68: =IF(G68="","",IF(LOWER(TRIM(G68))="north america","North America",IF(LOWER(TRIM(G68))="emea","EMEA",IF(LOWER(TRIM(G68))="apac","APAC",IF(LOWER(TRIM(G68))="latam","LATAM",TRIM(G68)))))) -> LATAM | N68: =VALUE(SUBSTITUTE(SUBSTITUTE(SUBSTITUTE(I68,"$",""),",",""),".",",")) -> 49.8 | O68: =IF(OR(H68="",N68=""),"",H68*N68) -> 996
A69: D-1068 | B69: 45690 | C69: Phoenix Co | D69: Starter Plan | E69: Hannah Lee | F69: Owen Walsh | G69: North America | H69: 1 | I69: 53.74 | J69: $53.74 | K69: Starter Plan | L69: =TRIM(E69) -> Hannah Lee | M69: =IF(G69="","",IF(LOWER(TRIM(G69))="north america","North America",IF(LOWER(TRIM(G69))="emea","EMEA",IF(LOWER(TRIM(G69))="apac","APAC",IF(LOWER(TRIM(G69))="latam","LATAM",TRIM(G69)))))) -> North America | N69: =VALUE(SUBSTITUTE(SUBSTITUTE(SUBSTITUTE(I69,"$",""),",",""),".",",")) -> 53.74 | O69: =IF(OR(H69="",N69=""),"",H69*N69) -> 53.74
A70: D-1069 | B70: 45746 | C70: Granite Co | D70: Business Plan | E70: Hannah Lee | F70: Owen Walsh | G70: North America | H70: 1 | I70: 415.38 | J70: 415.38 | K70: Business Plan | L70: =TRIM(E70) -> Hannah Lee | M70: =IF(G70="","",IF(LOWER(TRIM(G70))="north america","North America",IF(LOWER(TRIM(G70))="emea","EMEA",IF(LOWER(TRIM(G70))="apac","APAC",IF(LOWER(TRIM(G70))="latam","LATAM",TRIM(G70)))))) -> North America | N70: =VALUE(SUBSTITUTE(SUBSTITUTE(SUBSTITUTE(I70,"$",""),",",""),".",",")) -> 415.38 | O70: =IF(OR(H70="",N70=""),"",H70*N70) -> 415.38
A71: D-1070 | B71: 45740 | C71: Obsidian Co | D71: Pro Plan | E71: Raj Sharma | F71: Owen Walsh | G71: APAC | H71: 20 | I71: 265.15 | J71: $5303.0 | K71: Pro Plan | L71: =TRIM(E71) -> Raj Sharma | M71: =IF(G71="","",IF(LOWER(TRIM(G71))="north america","North America",IF(LOWER(TRIM(G71))="emea","EMEA",IF(LOWER(TRIM(G71))="apac","APAC",IF(LOWER(TRIM(G71))="latam","LATAM",TRIM(G71)))))) -> APAC | N71: =VALUE(SUBSTITUTE(SUBSTITUTE(SUBSTITUTE(I71,"$",""),",",""),".",",")) -> 265.15 | O71: =IF(OR(H71="",N71=""),"",H71*N71) -> 5303
... A93: D-1092 | B93: 45663 | C93: Summit Group | D93: Pro Plan | E93: Carlos Mendez | F93: Maya Rodriguez | G93: APAC | H93: 1 | I93: 202.22 | J93: 202.22 | K93: Pro Plan | L93: =TRIM(E93) -> Carlos Mendez | M93: =IF(G93="","",IF(LOWER(TRIM(G93))="north america","North America",IF(LOWER(TRIM(G93))="emea","EMEA",IF(LOWER(TRIM(G93))="apac","APAC",IF(LOWER(TRIM(G93))="latam","LATAM",TRIM(G93)))))) -> APAC | N93: =VALUE(SUBSTITUTE(SUBSTITUTE(SUBSTITUTE(I93,"$",""),",",""),".",",")) -> 202.22 | O93: =IF(OR(H93="",N93=""),"",H93*N93) -> 202.22
A94: D-1093 | B94: 45684 | C94: Obsidian Co | D94: Business Plan | E94: Elena Rossi | F94: Lukas Becker | G94: APAC | H94: 20 | I94: 487.09 | J94: 2864081 | K94: Business Plan | L94: =TRIM(E94) -> Elena Rossi | M94: =IF(G94="","",IF(LOWER(TRIM(G94))="north america","North America",IF(LOWER(TRIM(G94))="emea","EMEA",IF(LOWER(TRIM(G94))="apac","APAC",IF(LOWER(TRIM(G94))="latam","LATAM",TRIM(G94)))))) -> APAC | N94: =VALUE(SUBSTITUTE(SUBSTITUTE(SUBSTITUTE(I94,"$",""),",",""),".",",")) -> 487.09 | O94: =IF(OR(H94="",N94=""),"",H94*N94) -> 9741.8
A95: D-1094 | B95: 45724 | C95: Atlas Group | D95: Business Plan | E95: Hannah Lee | F95: Owen Walsh | G95: LATAM | H95: 5 | I95: 433.61 | J95: 98008 | K95: Business Plan | L95: =TRIM(E95) -> Hannah Lee | M95: =IF(G95="","",IF(LOWER(TRIM(G95))="north america","North America",IF(LOWER(TRIM(G95))="emea","EMEA",IF(LOWER(TRIM(G95))="apac","APAC",IF(LOWER(TRIM(G95))="latam","LATAM",TRIM(G95)))))) -> LATAM | N95: =VALUE(SUBSTITUTE(SUBSTITUTE(SUBSTITUTE(I95,"$",""),",",""),".",",")) -> 433.61 | O95: =IF(OR(H95="",N95=""),"",H95*N95) -> 2168.05
A96: D-1095 | B96: 45713 | C96: Rivet Co | D96: Starter Plan | E96: Raj Sharma | F96: Owen Walsh | G96: apac | H96: 2 | I96: 46.11 | J96: 92.22 | K96: Starter Plan | L96: =TRIM(E96) -> Raj Sharma | M96: =IF(G96="","",IF(LOWER(TRIM(G96))="north america","North America",IF(LOWER(TRIM(G96))="emea","EMEA",IF(LOWER(TRIM(G96))="apac","APAC",IF(LOWER(TRIM(G96))="latam","LATAM",TRIM(G96)))))) -> APAC | N96: =VALUE(SUBSTITUTE(SUBSTITUTE(SUBSTITUTE(I96,"$",""),",",""),".",",")) -> 46.11 | O96: =IF(OR(H96="",N96=""),"",H96*N96) -> 92.22
A97: D-1096 | B97: 45728 | C97: Obsidian Co | D97: Business Plan | E97: Marcus Johnson | F97: Sarah Chen | G97: North America | H97: 1 | I97: 404.44 | J97: $404.44 | K97: Business Plan | L97: =TRIM(E97) -> Marcus Johnson | M97: =IF(G97="","",IF(LOWER(TRIM(G97))="north america","North America",IF(LOWER(TRIM(G97))="emea","EMEA",IF(LOWER(TRIM(G97))="apac","APAC",IF(LOWER(TRIM(G97))="latam","LATAM",TRIM(G97)))))) -> North America | N97: =VALUE(SUBSTITUTE(SUBSTITUTE(SUBSTITUTE(I97,"$",""),",",""),".",",")) -> 404.44 | O97: =IF(OR(H97="",N97=""),"",H97*N97) -> 404.44
A98: D-1097 | B98: 45712 | C98: Verdant Inc | D98: Business Plan | E98: Priya Patel | F98: Maya Rodriguez | G98: north america | H98: 1 | I98: 486.21 | J98: 486.21 | K98: Business Plan | L98: =TRIM(E98) -> Priya Patel | M98: =IF(G98="","",IF(LOWER(TRIM(G98))="north america","North America",IF(LOWER(TRIM(G98))="emea","EMEA",IF(LOWER(TRIM(G98))="apac","APAC",IF(LOWER(TRIM(G98))="latam","LATAM",TRIM(G98)))))) -> North America | N98: =VALUE(SUBSTITUTE(SUBSTITUTE(SUBSTITUTE(I98,"$",""),",",""),".",",")) -> 486.21 | O98: =IF(OR(H98="",N98=""),"",H98*N98) -> 486.21
A99: D-1098 | B99: 45727 | C99: Helix Systems | D99: Starter Plan | E99: Aisha Hassan | F99: Sarah Chen | G99: EMEA | H99: 2 | I99: 57.15 | J99: 114.3 | K99: Starter Plan | L99: =TRIM(E99) -> Aisha Hassan | M99: =IF(G99="","",IF(LOWER(TRIM(G99))="north america","North America",IF(LOWER(TRIM(G99))="emea","EMEA",IF(LOWER(TRIM(G99))="apac","APAC",IF(LOWER(TRIM(G99))="latam","LATAM",TRIM(G99)))))) -> EMEA | N99: =VALUE(SUBSTITUTE(SUBSTITUTE(SUBSTITUTE(I99,"$",""),",",""),".",",")) -> 57.15 | O99: =IF(OR(H99="",N99=""),"",H99*N99) -> 114.3
A100: D-1099 | B100: 45703 | C100: Driftwood Co | D100: Pro Plan | E100: Sophie Laurent | F100: Maya Rodriguez | G100: LATAM | H100: 1 | I100: 287.77 | J100: $287.77 | K100: Pro Plan | L100: =TRIM(E100) -> Sophie Laurent | M100: =IF(G100="","",IF(LOWER(TRIM(G100))="north america","North America",IF(LOWER(TRIM(G100))="emea","EMEA",IF(LOWER(TRIM(G100))="apac","APAC",IF(LOWER(TRIM(G100))="latam","LATAM",TRIM(G100)))))) -> LATAM | N100: =VALUE(SUBSTITUTE(SUBSTITUTE(SUBSTITUTE(I100,"$",""),",",""),".",",")) -> 287.77 | O100: =IF(OR(H100="",N100=""),"",H100*N100) -> 287.77
A101: D-1100 | B101: 45698 | C101: Northwind Co | D101: Pro Plan | E101: Marcus Johnson | F101: Sarah Chen | G101: North America | H101: 20 | I101: 205.16 | J101: 804662 | K101: Pro Plan | L101: =TRIM(E101) -> Marcus Johnson | M101: =IF(G101="","",IF(LOWER(TRIM(G101))="north america","North America",IF(LOWER(TRIM(G101))="emea","EMEA",IF(LOWER(TRIM(G101))="apac","APAC",IF(LOWER(TRIM(G101))="latam","LATAM",TRIM(G101)))))) -> North America | N101: =VALUE(SUBSTITUTE(SUBSTITUTE(SUBSTITUTE(I101,"$",""),",",""),".",",")) -> 205.16 | O101: =IF(OR(H101="",N101=""),"",H101*N101) -> 4103.2
A102: D-1101 | B102: 45693 | C102: Rivet Co | D102: Pro Plan | E102: Nina Petrov | F102: Lukas Becker | G102: EMEA | H102: 5 | I102: 193.4 | J102: $967.0 | K102: Pro Plan | L102: =TRIM(E102) -> Nina Petrov | M102: =IF(G102="","",IF(LOWER(TRIM(G102))="north america","North America",IF(LOWER(TRIM(G102))="emea","EMEA",IF(LOWER(TRIM(G102))="apac","APAC",IF(LOWER(TRIM(G102))="latam","LATAM",TRIM(G102)))))) -> EMEA | N102: =VALUE(SUBSTITUTE(SUBSTITUTE(SUBSTITUTE(I102,"$",""),",",""),".",",")) -> 193.4 | O102: =IF(OR(H102="",N102=""),"",H102*N102) -> 967
A103: D-1102 | B103: 45661 | C103: Lumen Labs | D103: Starter Plan | E103: Carlos Mendez | F103: Maya Rodriguez | G103: EMEA | H103: 1 | I103: 68.06 | J103: 68.06 | K103: Starter Plan | L103: =TRIM(E103) -> Carlos Mendez | M103: =IF(G103="","",IF(LOWER(TRIM(G103))="north america","North America",IF(LOWER(TRIM(G103))="emea","EMEA",IF(LOWER(TRIM(G103))="apac","APAC",IF(LOWER(TRIM(G103))="latam","LATAM",TRIM(G103)))))) -> EMEA | N103: =VALUE(SUBSTITUTE(SUBSTITUTE(SUBSTITUTE(I103,"$",""),",",""),".",",")) -> 68.06 | O103: =IF(OR(H103="",N103=""),"",H103*N103) -> 68.06
A104: D-1103 | B104: 45696 | C104: Foundry Group | D104: Starter Plan | E104: Sophie Laurent | F104: Maya Rodriguez | G104: APAC | H104: 2 | I104: 45.13 | J104: $90.26 | K104: Starter Plan | L104: =TRIM(E104) -> Sophie Laurent | M104: =IF(G104="","",IF(LOWER(TRIM(G104))="north america","North America",IF(LOWER(TRIM(G104))="emea","EMEA",IF(LOWER(TRIM(G104))="apac","APAC",IF(LOWER(TRIM(G104))="latam","LATAM",TRIM(G104)))))) -> APAC | N104: =VALUE(SUBSTITUTE(SUBSTITUTE(SUBSTITUTE(I104,"$",""),",",""),".",",")) -> 45.13 | O104: =IF(OR(H104="",N104=""),"",H104*N104) -> 90.26
A105: D-1104 | B105: 45719 | C105: Borealis Co | D105: Starter Plan | E105: Carlos Mendez | F105: Maya Rodriguez | G105: LATAM | H105: 1 | I105: 59.68 | J105: 59.68 | K105: Starter Plan | L105: =TRIM(E105) -> Carlos Mendez | M105: =IF(G105="","",IF(LOWER(TRIM(G105))="north america","North America",IF(LOWER(TRIM(G105))="emea","EMEA",IF(LOWER(TRIM(G105))="apac","APAC",IF(LOWER(TRIM(G105))="latam","LATAM",TRIM(G105)))))) -> LATAM | N105: =VALUE(SUBSTITUTE(SUBSTITUTE(SUBSTITUTE(I105,"$",""),",",""),".",",")) -> 59.68 | O105: =IF(OR(H105="",N105=""),"",H105*N105) -> 59.68
A106: D-1105 | B106: 45662 | C106: Kestrel Co | D106: Pro Plan | E106: Elena Rossi | F106: Lukas Becker | G106: North America | H106: 1 | I106: 226.12 | J106: $226.12 | K106: Pro Plan | L106: =TRIM(E106) -> Elena Rossi | M106: =IF(G106="","",IF(LOWER(TRIM(G106))="north america","North America",IF(LOWER(TRIM(G106))="emea","EMEA",IF(LOWER(TRIM(G106))="apac","APAC",IF(LOWER(TRIM(G106))="latam","LATAM",TRIM(G106)))))) -> North America | N106: =VALUE(SUBSTITUTE(SUBSTITUTE(SUBSTITUTE(I106,"$",""),",",""),".",",")) -> 226.12 | O106: =IF(OR(H106="",N106=""),"",H106*N106) -> 226.12
A107: D-1106 | B107: 45674 | C107: Vertex Inc | D107: Enterprise Plan | E107: Marcus Johnson | F107: Sarah Chen | G107: LATAM | H107: 20 | I107: 1180.76 | J107: 23615.2 | K107: Enterprise Plan | L107: =TRIM(E107) -> Marcus Johnson | M107: =IF(G107="","",IF(LOWER(TRIM(G107))="north america","North America",IF(LOWER(TRIM(G107))="emea","EMEA",IF(LOWER(TRIM(G107))="apac","APAC",IF(LOWER(TRIM(G107))="latam","LATAM",TRIM(G107)))))) -> LATAM | N107: =VALUE(SUBSTITUTE(SUBSTITUTE(SUBSTITUTE(I107,"$",""),",",""),".",",")) -> 1180.76 | O107: =IF(OR(H107="",N107=""),"",H107*N107) -> 23615.2
A108: D-1107 | B108: 45685 | C108: Nova Inc | D108: Enterprise Plan | E108: Nina Petrov | F108: Lukas Becker | G108: APAC | H108: 50 | I108: 932.32 | J108: 46616.0 | K108: Enterprise Plan | L108: =TRIM(E108) -> Nina Petrov | M108: =IF(G108="","",IF(LOWER(TRIM(G108))="north america","North America",IF(LOWER(TRIM(G108))="emea","EMEA",IF(LOWER(TRIM(G108))="apac","APAC",IF(LOWER(TRIM(G108))="latam","LATAM",TRIM(G108)))))) -> APAC | N108: =VALUE(SUBSTITUTE(SUBSTITUTE(SUBSTITUTE(I108,"$",""),",",""),".",",")) -> 932.32 | O108: =IF(OR(H108="",N108=""),"",H108*N108) -> 46616
A109: D-1108 | B109: 45658 | C109: Meridian Group | D109: Pro Plan | E109: Tom Wilson | F109: Lukas Becker | G109: North America | H109: 10 | I109: 224.49 | J109: 125889 | K109: Pro Plan | L109: =TRIM(E109) -> Tom Wilson | M109: =IF(G109="","",IF(LOWER(TRIM(G109))="north america","North America",IF(LOWER(TRIM(G109))="emea","EMEA",IF(LOWER(TRIM(G109))="apac","APAC",IF(LOWER(TRIM(G109))="latam","LATAM",TRIM(G109)))))) -> North America | N109: =VALUE(SUBSTITUTE(SUBSTITUTE(SUBSTITUTE(I109,"$",""),",",""),".",",")) -> 224.49 | O109: =IF(OR(H109="",N109=""),"",H109*N109) -> 2244.9
A110: D-1109 | B110: 45674 | C110: Stellar Co | D110: Pro Plan | E110: Aisha Hassan | F110: Sarah Chen | G110: North America | H110: 50 | I110: 214.71 | J110: 10735.5 | K110: Pro Plan | L110: =TRIM(E110) -> Aisha Hassan | M110: =IF(G110="","",IF(LOWER(TRIM(G110))="north america","North America",IF(LOWER(TRIM(G110))="emea","EMEA",IF(LOWER(TRIM(G110))="apac","APAC",IF(LOWER(TRIM(G110))="latam","LATAM",TRIM(G110)))))) -> North America | N110: =VALUE(SUBSTITUTE(SUBSTITUTE(SUBSTITUTE(I110,"$",""),",",""),".",",")) -> 214.71 | O110: =IF(OR(H110="",N110=""),"",H110*N110) -> 10735.5
A111: D-1110 | B111: 45662 | C111: Rivet Co | D111: Starter Plan | E111: James Park | F111: Owen Walsh | G111: latam | H111: 1 | I111: 73.28 | J111: 73.28 | K111: Starter Plan | L111: =TRIM(E111) -> James Park | M111: =IF(G111="","",IF(LOWER(TRIM(G111))="north america","North America",IF(LOWER(TRIM(G111))="emea","EMEA",IF(LOWER(TRIM(G111))="apac","APAC",IF(LOWER(TRIM(G111))="latam","LATAM",TRIM(G111)))))) -> LATAM | N111: =VALUE(SUBSTITUTE(SUBSTITUTE(SUBSTITUTE(I111,"$",""),",",""),".",",")) -> 73.28 | O111: =IF(OR(H111="",N111=""),"",H111*N111) -> 73.28
A112: D-1111 | B112: 45721 | C112: Beacon Labs | D112: Business Plan | E112: David Kim | F112: Sarah Chen | G112: north america | H112: 2 | I112: 477.27 | J112: $954.54 | K112: Business Plan | L112: =TRIM(E112) -> David Kim | M112: =IF(G112="","",IF(LOWER(TRIM(G112))="north america","North America",IF(LOWER(TRIM(G112))="emea","EMEA",IF(LOWER(TRIM(G112))="apac","APAC",IF(LOWER(TRIM(G112))="latam","LATAM",TRIM(G112)))))) -> North America | N112: =VALUE(SUBSTITUTE(SUBSTITUTE(SUBSTITUTE(I112,"$",""),",",""),".",",")) -> 477.27 | O112: =IF(OR(H112="",N112=""),"",H112*N112) -> 954.54
A113: D-1112 | B113: 45662 | C113: Borealis Co | D113: Starter Plan | E113: Hannah Lee | F113: Owen Walsh | G113: EMEA | H113: 5 | I113: 45.99 | J113: $229.95 | K113: Starter Plan | L113: =TRIM(E113) -> Hannah Lee | M113: =IF(G113="","",IF(LOWER(TRIM(G113))="north america","North America",IF(LOWER(TRIM(G113))="emea","EMEA",IF(LOWER(TRIM(G113))="apac","APAC",IF(LOWER(TRIM(G113))="latam","LATAM",TRIM(G113)))))) -> EMEA | N113: =VALUE(SUBSTITUTE(SUBSTITUTE(SUBSTITUTE(I113,"$",""),",",""),".",",")) -> 45.99 | O113: =IF(OR(H113="",N113=""),"",H113*N113) -> 229.95
A114: D-1113 | B114: 45711 | C114: Citadel Group | D114: Pro Plan | E114: Hannah Lee | F114: Owen Walsh | G114: APAC | H114: 2 | I114: 180.13 | J114: 360.26 | K114: Pro Plan | L114: =TRIM(E114) -> Hannah Lee | M114: =IF(G114="","",IF(LOWER(TRIM(G114))="north america","North America",IF(LOWER(TRIM(G114))="emea","EMEA",IF(LOWER(TRIM(G114))="apac","APAC",IF(LOWER(TRIM(G114))="latam","LATAM",TRIM(G114)))))) -> APAC | N114: =VALUE(SUBSTITUTE(SUBSTITUTE(SUBSTITUTE(I114,"$",""),",",""),".",",")) -> 180.13 | O114: =IF(OR(H114="",N114=""),"",H114*N114) -> 360.26
A115: D-1114 | B115: 45710 | C115: Solstice Group | D115: add-on: support | E115: Elena Rossi | F115: Lukas Becker | G115: APAC | H115: 2 | I115: 43.17 | J115: 86.34 | K115: Add-on: Support | L115: =TRIM(E115) -> Elena Rossi | M115: =IF(G115="","",IF(LOWER(TRIM(G115))="north america","North America",IF(LOWER(TRIM(G115))="emea","EMEA",IF(LOWER(TRIM(G115))="apac","APAC",IF(LOWER(TRIM(G115))="latam","LATAM",TRIM(G115)))))) -> APAC | N115: =VALUE(SUBSTITUTE(SUBSTITUTE(SUBSTITUTE(I115,"$",""),",",""),".",",")) -> 43.17 | O115: =IF(OR(H115="",N115=""),"",H115*N115) -> 86.34
A116: D-1115 | B116: 45661 | C116: Kestrel Co | D116: Add-on: Support | E116: Tom Wilson | F116: Lukas Becker | G116: APAC | H116: 2 | I116: 118.97 | J116: 237.94 | K116: Add-on: Support | L116: =TRIM(E116) -> Tom Wilson | M116: =IF(G116="","",IF(LOWER(TRIM(G116))="north america","North America",IF(LOWER(TRIM(G116))="emea","EMEA",IF(LOWER(TRIM(G116))="apac","APAC",IF(LOWER(TRIM(G116))="latam","LATAM",TRIM(G116)))))) -> APAC | N116: =VALUE(SUBSTITUTE(SUBSTITUTE(SUBSTITUTE(I116,"$",""),",",""),".",",")) -> 118.97 | O116: =IF(OR(H116="",N116=""),"",H116*N116) -> 237.94
A117: D-1116 | B117: 45696 | C117: Cascade Group | D117: Starter Plan | E117: Elena Rossi | F117: Lukas Becker | G117: APAC | H117: 1 | I117: 74.46 | J117: 74.46 | K117: Starter Plan | L117: =TRIM(E117) -> Elena Rossi | M117: =IF(G117="","",IF(LOWER(TRIM(G117))="north america","North America",IF(LOWER(TRIM(G117))="emea","EMEA",IF(LOWER(TRIM(G117))="apac","APAC",IF(LOWER(TRIM(G117))="latam","LATAM",TRIM(G117)))))) -> APAC | N117: =VALUE(SUBSTITUTE(SUBSTITUTE(SUBSTITUTE(I117,"$",""),",",""),".",",")) -> 74.46 | O117: =IF(OR(H117="",N117=""),"",H117*N117) -> 74.46
A118: D-1117 | B118: 45679 | C118: Echo Labs | D118: Pro Plan | E118: David Kim | F118: Sarah Chen | G118: APAC | H118: 1 | I118: 189.77 | J118: 189.77 | K118: Pro Plan | L118: =TRIM(E118) -> David Kim | M118: =IF(G118="","",IF(LOWER(TRIM(G118))="north america","North America",IF(LOWER(TRIM(G118))="emea","EMEA",IF(LOWER(TRIM(G118))="apac","APAC",IF(LOWER(TRIM(G118))="latam","LATAM",TRIM(G118)))))) -> APAC | N118: =VALUE(SUBSTITUTE(SUBSTITUTE(SUBSTITUTE(I118,"$",""),",",""),".",",")) -> 189.77 | O118: =IF(OR(H118="",N118=""),"",H118*N118) -> 189.77
A119: D-1118 | B119: 45738 | C119: Iris Co | D119: Business Plan | E119: Marcus Johnson | F119: Sarah Chen | G119: EMEA | H119: 1 | I119: 475.9 | J119: 475.9 | K119: Business Plan | L119: =TRIM(E119) -> Marcus Johnson | M119: =IF(G119="","",IF(LOWER(TRIM(G119))="north america","North America",IF(LOWER(TRIM(G119))="emea","EMEA",IF(LOWER(TRIM(G119))="apac","APAC",IF(LOWER(TRIM(G119))="latam","LATAM",TRIM(G119)))))) -> EMEA | N119: =VALUE(SUBSTITUTE(SUBSTITUTE(SUBSTITUTE(I119,"$",""),",",""),".",",")) -> 475.9 | O119: =IF(OR(H119="",N119=""),"",H119*N119) -> 475.9
A120: D-1119 | B120: 45709 | C120: Stellar Co | D120: Pro Plan | E120: David Kim | F120: Sarah Chen | G120: EMEA | H120: 5 | I120: 157.24 | J120: 786.2 | K120: Pro Plan | L120: =TRIM(E120) -> David Kim | M120: =IF(G120="","",IF(LOWER(TRIM(G120))="north america","North America",IF(LOWER(TRIM(G120))="emea","EMEA",IF(LOWER(TRIM(G120))="apac","APAC",IF(LOWER(TRIM(G120))="latam","LATAM",TRIM(G120)))))) -> EMEA | N120: =VALUE(SUBSTITUTE(SUBSTITUTE(SUBSTITUTE(I120,"$",""),",",""),".",",")) -> 157.24 | O120: =IF(OR(H120="",N120=""),"",H120*N120) -> 786.2
A121: D-1120 | B121: 45746 | C121: Iris Co | D121: Enterprise Plan | E121: Sophie Laurent | F121: Maya Rodriguez | G121: EMEA | H121: 1 | I121: 958.86 | J121: 958.86 | K121: Enterprise Plan | L121: =TRIM(E121) -> Sophie Laurent | M121: =IF(G121="","",IF(LOWER(TRIM(G121))="north america","North America",IF(LOWER(TRIM(G121))="emea","EMEA",IF(LOWER(TRIM(G121))="apac","APAC",IF(LOWER(TRIM(G121))="latam","LATAM",TRIM(G121)))))) -> EMEA | N121: =VALUE(SUBSTITUTE(SUBSTITUTE(SUBSTITUTE(I121,"$",""),",",""),".",",")) -> 958.86 | O121: =IF(OR(H121="",N121=""),"",H121*N121) -> 958.86
... A150: D-1149 | B150: 45711 | C150: Granite Co | D150: Starter Plan | E150: Nina Petrov | F150: Lukas Becker | G150: EMEA | H150: 10 | I150: 58.15 | J150: 581.5 | K150: Starter Plan | L150: =TRIM(E150) -> Nina Petrov | M150: =IF(G150="","",IF(LOWER(TRIM(G150))="north america","North America",IF(LOWER(TRIM(G150))="emea","EMEA",IF(LOWER(TRIM(G150))="apac","APAC",IF(LOWER(TRIM(G150))="latam","LATAM",TRIM(G150)))))) -> EMEA | N150: =VALUE(SUBSTITUTE(SUBSTITUTE(SUBSTITUTE(I150,"$",""),",",""),".",",")) -> 58.15 | O150: =IF(OR(H150="",N150=""),"",H150*N150) -> 581.5
A151: D-1150 | B151: 45662 | C151: Nimbus Co | D151: Pro Plan | E151: James Park | F151: Owen Walsh | G151: EMEA | H151: 20 | I151: 192.21 | J151: 710064 | K151: Pro Plan | L151: =TRIM(E151) -> James Park | M151: =IF(G151="","",IF(LOWER(TRIM(G151))="north america","North America",IF(LOWER(TRIM(G151))="emea","EMEA",IF(LOWER(TRIM(G151))="apac","APAC",IF(LOWER(TRIM(G151))="latam","LATAM",TRIM(G151)))))) -> EMEA | N151: =VALUE(SUBSTITUTE(SUBSTITUTE(SUBSTITUTE(I151,"$",""),",",""),".",",")) -> 192.21 | O151: =IF(OR(H151="",N151=""),"",H151*N151) -> 3844.2
A152: D-1151 | B152: 45728 | C152: Iris Co | D152: Add-on: Analytics | E152: Tom Wilson | F152: Lukas Becker | G152: EMEA | H152: 10 | I152: 72.31 | J152: 723.1 | K152: Add-on: Analytics | L152: =TRIM(E152) -> Tom Wilson | M152: =IF(G152="","",IF(LOWER(TRIM(G152))="north america","North America",IF(LOWER(TRIM(G152))="emea","EMEA",IF(LOWER(TRIM(G152))="apac","APAC",IF(LOWER(TRIM(G152))="latam","LATAM",TRIM(G152)))))) -> EMEA | N152: =VALUE(SUBSTITUTE(SUBSTITUTE(SUBSTITUTE(I152,"$",""),",",""),".",",")) -> 72.31 | O152: =IF(OR(H152="",N152=""),"",H152*N152) -> 723.1
A153: D-1152 | B153: 45659 | C153: Catalyst Inc | D153: Starter Plan | E153: Elena Rossi | F153: Lukas Becker | G153: North America | H153: 1 | I153: 73.94 | J153: 73.94 | K153: Starter Plan | L153: =TRIM(E153) -> Elena Rossi | M153: =IF(G153="","",IF(LOWER(TRIM(G153))="north america","North America",IF(LOWER(TRIM(G153))="emea","EMEA",IF(LOWER(TRIM(G153))="apac","APAC",IF(LOWER(TRIM(G153))="latam","LATAM",TRIM(G153)))))) -> North America | N153: =VALUE(SUBSTITUTE(SUBSTITUTE(SUBSTITUTE(I153,"$",""),",",""),".",",")) -> 73.94 | O153: =IF(OR(H153="",N153=""),"",H153*N153) -> 73.94
A154: D-1153 | B154: 45668 | C154: Beacon Labs | D154: Pro Plan | E154: Marcus Johnson | F154: Sarah Chen | G154: north america | H154: 1 | I154: 161.18 | J154: 161.18 | K154: Pro Plan | L154: =TRIM(E154) -> Marcus Johnson | M154: =IF(G154="","",IF(LOWER(TRIM(G154))="north america","North America",IF(LOWER(TRIM(G154))="emea","EMEA",IF(LOWER(TRIM(G154))="apac","APAC",IF(LOWER(TRIM(G154))="latam","LATAM",TRIM(G154)))))) -> North America | N154: =VALUE(SUBSTITUTE(SUBSTITUTE(SUBSTITUTE(I154,"$",""),",",""),".",",")) -> 161.18 | O154: =IF(OR(H154="",N154=""),"",H154*N154) -> 161.18
A155: D-1154 | B155: 45707 | C155: Citadel Group | D155: Enterprise Plan | E155: Marcus Johnson | F155: Sarah Chen | G155: APAC | H155: 10 | I155: 987.06 | J155: 2911136 | K155: Enterprise Plan | L155: =TRIM(E155) -> Marcus Johnson | M155: =IF(G155="","",IF(LOWER(TRIM(G155))="north america","North America",IF(LOWER(TRIM(G155))="emea","EMEA",IF(LOWER(TRIM(G155))="apac","APAC",IF(LOWER(TRIM(G155))="latam","LATAM",TRIM(G155)))))) -> APAC | N155: =VALUE(SUBSTITUTE(SUBSTITUTE(SUBSTITUTE(I155,"$",""),",",""),".",",")) -> 987.06 | O155: =IF(OR(H155="",N155=""),"",H155*N155) -> 9870.6
A156: D-1155 | B156: 45667 | C156: Juniper Group | D156: Pro Plan | E156: Nina Petrov | F156: Lukas Becker | G156: North America | H156: 1 | I156: 219.47 | J156: 219.47 | K156: Pro Plan | L156: =TRIM(E156) -> Nina Petrov | M156: =IF(G156="","",IF(LOWER(TRIM(G156))="north america","North America",IF(LOWER(TRIM(G156))="emea","EMEA",IF(LOWER(TRIM(G156))="apac","APAC",IF(LOWER(TRIM(G156))="latam","LATAM",TRIM(G156)))))) -> North America | N156: =VALUE(SUBSTITUTE(SUBSTITUTE(SUBSTITUTE(I156,"$",""),",",""),".",",")) -> 219.47 | O156: =IF(OR(H156="",N156=""),"",H156*N156) -> 219.47
A157: D-1156 | B157: 45743 | C157: Kestrel Co | D157: Business Plan | E157: Priya Patel | F157: Maya Rodriguez | G157: EMEA | H157: 2 | I157: 445.67 | J157: 891.34 | K157: Business Plan | L157: =TRIM(E157) -> Priya Patel | M157: =IF(G157="","",IF(LOWER(TRIM(G157))="north america","North America",IF(LOWER(TRIM(G157))="emea","EMEA",IF(LOWER(TRIM(G157))="apac","APAC",IF(LOWER(TRIM(G157))="latam","LATAM",TRIM(G157)))))) -> EMEA | N157: =VALUE(SUBSTITUTE(SUBSTITUTE(SUBSTITUTE(I157,"$",""),",",""),".",",")) -> 445.67 | O157: =IF(OR(H157="",N157=""),"",H157*N157) -> 891.34
A158: D-1157 | B158: 45717 | C158: Onyx Group | D158: Pro Plan | E158: Aisha Hassan | F158: Sarah Chen | G158: North America | H158: 5 | I158: 185.31 | J158: 926.55 | K158: Pro Plan | L158: =TRIM(E158) -> Aisha Hassan | M158: =IF(G158="","",IF(LOWER(TRIM(G158))="north america","North America",IF(LOWER(TRIM(G158))="emea","EMEA",IF(LOWER(TRIM(G158))="apac","APAC",IF(LOWER(TRIM(G158))="latam","LATAM",TRIM(G158)))))) -> North America | N158: =VALUE(SUBSTITUTE(SUBSTITUTE(SUBSTITUTE(I158,"$",""),",",""),".",",")) -> 185.31 | O158: =IF(OR(H158="",N158=""),"",H158*N158) -> 926.55
A159: D-1158 | B159: 45678 | C159: Foundry Group | D159: Add-on: Analytics | E159: Marcus Johnson | F159: Sarah Chen | G159: apac | H159: 5 | I159: 67.43 | J159: 337.15 | K159: Add-on: Analytics | L159: =TRIM(E159) -> Marcus Johnson | M159: =IF(G159="","",IF(LOWER(TRIM(G159))="north america","North America",IF(LOWER(TRIM(G159))="emea","EMEA",IF(LOWER(TRIM(G159))="apac","APAC",IF(LOWER(TRIM(G159))="latam","LATAM",TRIM(G159)))))) -> APAC | N159: =VALUE(SUBSTITUTE(SUBSTITUTE(SUBSTITUTE(I159,"$",""),",",""),".",",")) -> 67.43 | O159: =IF(OR(H159="",N159=""),"",H159*N159) -> 337.15
A160: D-1159 | B160: 45712 | C160: Phoenix Co | D160: Enterprise Plan | E160: Carlos Mendez | F160: Maya Rodriguez | G160: North America | H160: 1 | I160: 985.63 | J160: 985.63 | K160: Enterprise Plan | L160: =TRIM(E160) -> Carlos Mendez | M160: =IF(G160="","",IF(LOWER(TRIM(G160))="north america","North America",IF(LOWER(TRIM(G160))="emea","EMEA",IF(LOWER(TRIM(G160))="apac","APAC",IF(LOWER(TRIM(G160))="latam","LATAM",TRIM(G160)))))) -> North America | N160: =VALUE(SUBSTITUTE(SUBSTITUTE(SUBSTITUTE(I160,"$",""),",",""),".",",")) -> 985.63 | O160: =IF(OR(H160="",N160=""),"",H160*N160) -> 985.63
A161: D-1160 | B161: 45724 | C161: Solstice Group | D161: Pro Plan | E161: Raj Sharma | F161: Owen Walsh | G161: North America | H161: 1 | I161: 186.32 | J161: 186.32 | K161: Pro Plan | L161: =TRIM(E161) -> Raj Sharma | M161: =IF(G161="","",IF(LOWER(TRIM(G161))="north america","North America",IF(LOWER(TRIM(G161))="emea","EMEA",IF(LOWER(TRIM(G161))="apac","APAC",IF(LOWER(TRIM(G161))="latam","LATAM",TRIM(G161)))))) -> North America | N161: =VALUE(SUBSTITUTE(SUBSTITUTE(SUBSTITUTE(I161,"$",""),",",""),".",",")) -> 186.32 | O161: =IF(OR(H161="",N161=""),"",H161*N161) -> 186.32
A162: D-1161 | B162: 45692 | C162: Harbor Inc | D162: Business Plan | E162: Hannah Lee | F162: Owen Walsh | G162: North America | H162: 5 | I162: 418.06 | J162: $2,090.30 | K162: Business Plan | L162: =TRIM(E162) -> Hannah Lee | M162: =IF(G162="","",IF(LOWER(TRIM(G162))="north america","North America",IF(LOWER(TRIM(G162))="emea","EMEA",IF(LOWER(TRIM(G162))="apac","APAC",IF(LOWER(TRIM(G162))="latam","LATAM",TRIM(G162)))))) -> North America | N162: =VALUE(SUBSTITUTE(SUBSTITUTE(SUBSTITUTE(I162,"$",""),",",""),".",",")) -> 418.06 | O162: =IF(OR(H162="",N162=""),"",H162*N162) -> 2090.3
A163: D-1162 | B163: 45717 | C163: Lumen Labs | D163: Pro Plan | E163: Tom Wilson | F163: Lukas Becker | G163: APAC | H163: 2 | I163: 262.29 | J163: $524.58 | K163: Pro Plan | L163: =TRIM(E163) -> Tom Wilson | M163: =IF(G163="","",IF(LOWER(TRIM(G163))="north america","North America",IF(LOWER(TRIM(G163))="emea","EMEA",IF(LOWER(TRIM(G163))="apac","APAC",IF(LOWER(TRIM(G163))="latam","LATAM",TRIM(G163)))))) -> APAC | N163: =VALUE(SUBSTITUTE(SUBSTITUTE(SUBSTITUTE(I163,"$",""),",",""),".",",")) -> 262.29 | O163: =IF(OR(H163="",N163=""),"",H163*N163) -> 524.58
A164: D-1163 | B164: 45735 | C164: Juniper Group | D164: Add-on: Support | E164: Sophie Laurent | F164: Maya Rodriguez | G164: APAC | H164: 10 | I164: 135.5 | J164: 1355.0 | K164: Add-on: Support | L164: =TRIM(E164) -> Sophie Laurent | M164: =IF(G164="","",IF(LOWER(TRIM(G164))="north america","North America",IF(LOWER(TRIM(G164))="emea","EMEA",IF(LOWER(TRIM(G164))="apac","APAC",IF(LOWER(TRIM(G164))="latam","LATAM",TRIM(G164)))))) -> APAC | N164: =VALUE(SUBSTITUTE(SUBSTITUTE(SUBSTITUTE(I164,"$",""),",",""),".",",")) -> 135.5 | O164: =IF(OR(H164="",N164=""),"",H164*N164) -> 1355
A165: D-1164 | B165: 45679 | C165: Vertex Inc | D165: Add-on: Analytics | E165: James Park | F165: Owen Walsh | G165: North America | H165: 20 | I165: 98.54 | J165: $1,970.80 | K165: Add-on: Analytics | L165: =TRIM(E165) -> James Park | M165: =IF(G165="","",IF(LOWER(TRIM(G165))="north america","North America",IF(LOWER(TRIM(G165))="emea","EMEA",IF(LOWER(TRIM(G165))="apac","APAC",IF(LOWER(TRIM(G165))="latam","LATAM",TRIM(G165)))))) -> North America | N165: =VALUE(SUBSTITUTE(SUBSTITUTE(SUBSTITUTE(I165,"$",""),",",""),".",",")) -> 98.54 | O165: =IF(OR(H165="",N165=""),"",H165*N165) -> 1970.8
A166: D-1165 | B166: 45742 | C166: Meridian Group | D166: Add-on: Analytics | E166: Nina Petrov | F166: Lukas Becker | G166: EMEA | H166: 1 | I166: 95.13 | J166: 95.13 | K166: Add-on: Analytics | L166: =TRIM(E166) -> Nina Petrov | M166: =IF(G166="","",IF(LOWER(TRIM(G166))="north america","North America",IF(LOWER(TRIM(G166))="emea","EMEA",IF(LOWER(TRIM(G166))="apac","APAC",IF(LOWER(TRIM(G166))="latam","LATAM",TRIM(G166)))))) -> EMEA | N166: =VALUE(SUBSTITUTE(SUBSTITUTE(SUBSTITUTE(I166,"$",""),",",""),".",",")) -> 95.13 | O166: =IF(OR(H166="",N166=""),"",H166*N166) -> 95.13
A167: D-1166 | B167: 45734 | C167: Phoenix Co | D167: Starter Plan | E167: David Kim | F167: Sarah Chen | G167: North America | H167: 5 | I167: 75.13 | J167: $375.65 | K167: Starter Plan | L167: =TRIM(E167) -> David Kim | M167: =IF(G167="","",IF(LOWER(TRIM(G167))="north america","North America",IF(LOWER(TRIM(G167))="emea","EMEA",IF(LOWER(TRIM(G167))="apac","APAC",IF(LOWER(TRIM(G167))="latam","LATAM",TRIM(G167)))))) -> North America | N167: =VALUE(SUBSTITUTE(SUBSTITUTE(SUBSTITUTE(I167,"$",""),",",""),".",",")) -> 75.13 | O167: =IF(OR(H167="",N167=""),"",H167*N167) -> 375.65
... A207: D-1206 | B207: 45664 | C207: Stellar Co | D207: Add-on: Analytics | E207: Elena Rossi | F207: Lukas Becker | G207: APAC | H207: 5 | I207: 74.69 | J207: 373.45 | K207: Add-on: Analytics | L207: =TRIM(E207) -> Elena Rossi | M207: =IF(G207="","",IF(LOWER(TRIM(G207))="north america","North America",IF(LOWER(TRIM(G207))="emea","EMEA",IF(LOWER(TRIM(G207))="apac","APAC",IF(LOWER(TRIM(G207))="latam","LATAM",TRIM(G207)))))) -> APAC | N207: =VALUE(SUBSTITUTE(SUBSTITUTE(SUBSTITUTE(I207,"$",""),",",""),".",",")) -> 74.69 | O207: =IF(OR(H207="",N207=""),"",H207*N207) -> 373.45
A208: D-1207 | B208: 45696 | C208: Summit Group | D208: Pro Plan | E208: David Kim | F208: Sarah Chen | G208: NORTH AMERICA | H208: 20 | I208: 228.23 | J208: 973160 | K208: Pro Plan | L208: =TRIM(E208) -> David Kim | M208: =IF(G208="","",IF(LOWER(TRIM(G208))="north america","North America",IF(LOWER(TRIM(G208))="emea","EMEA",IF(LOWER(TRIM(G208))="apac","APAC",IF(LOWER(TRIM(G208))="latam","LATAM",TRIM(G208)))))) -> North America | N208: =VALUE(SUBSTITUTE(SUBSTITUTE(SUBSTITUTE(I208,"$",""),",",""),".",",")) -> 228.23 | O208: =IF(OR(H208="",N208=""),"",H208*N208) -> 4564.6
A209: D-1208 | B209: 45704 | C209: Iris Co | D209: Add-on: Analytics | E209: Sophie Laurent | F209: Maya Rodriguez | G209: North America | H209: 1 | I209: 104.56 | J209: 104.56 | K209: Add-on: Analytics | L209: =TRIM(E209) -> Sophie Laurent | M209: =IF(G209="","",IF(LOWER(TRIM(G209))="north america","North America",IF(LOWER(TRIM(G209))="emea","EMEA",IF(LOWER(TRIM(G209))="apac","APAC",IF(LOWER(TRIM(G209))="latam","LATAM",TRIM(G209)))))) -> North America | N209: =VALUE(SUBSTITUTE(SUBSTITUTE(SUBSTITUTE(I209,"$",""),",",""),".",",")) -> 104.56 | O209: =IF(OR(H209="",N209=""),"",H209*N209) -> 104.56
A210: D-1209 | B210: 45667 | C210: Lattice Co | D210: Pro Plan | E210: Elena Rossi | F210: Lukas Becker | G210: North America | H210: 1 | I210: 276.18 | J210: $276.18 | K210: Pro Plan | L210: =TRIM(E210) -> Elena Rossi | M210: =IF(G210="","",IF(LOWER(TRIM(G210))="north america","North America",IF(LOWER(TRIM(G210))="emea","EMEA",IF(LOWER(TRIM(G210))="apac","APAC",IF(LOWER(TRIM(G210))="latam","LATAM",TRIM(G210)))))) -> North America | N210: =VALUE(SUBSTITUTE(SUBSTITUTE(SUBSTITUTE(I210,"$",""),",",""),".",",")) -> 276.18 | O210: =IF(OR(H210="",N210=""),"",H210*N210) -> 276.18
A211: D-1210 | B211: 45692 | C211: Borealis Co | D211: Business Plan | E211: Aisha Hassan | F211: Sarah Chen | G211: LATAM | H211: 5 | I211: 431.34 | J211: 93686 | K211: Business Plan | L211: =TRIM(E211) -> Aisha Hassan | M211: =IF(G211="","",IF(LOWER(TRIM(G211))="north america","North America",IF(LOWER(TRIM(G211))="emea","EMEA",IF(LOWER(TRIM(G211))="apac","APAC",IF(LOWER(TRIM(G211))="latam","LATAM",TRIM(G211)))))) -> LATAM | N211: =VALUE(SUBSTITUTE(SUBSTITUTE(SUBSTITUTE(I211,"$",""),",",""),".",",")) -> 431.34 | O211: =IF(OR(H211="",N211=""),"",H211*N211) -> 2156.7
A212: D-1211 | B212: 45663 | C212: Apex Group | D212: Add-on: Analytics | E212: James Park | F212: Owen Walsh | G212: LATAM | H212: 5 | I212: 69.69 | J212: $348.45 | K212: Add-on: Analytics | L212: =TRIM(E212) -> James Park | M212: =IF(G212="","",IF(LOWER(TRIM(G212))="north america","North America",IF(LOWER(TRIM(G212))="emea","EMEA",IF(LOWER(TRIM(G212))="apac","APAC",IF(LOWER(TRIM(G212))="latam","LATAM",TRIM(G212)))))) -> LATAM | N212: =VALUE(SUBSTITUTE(SUBSTITUTE(SUBSTITUTE(I212,"$",""),",",""),".",",")) -> 69.69 | O212: =IF(OR(H212="",N212=""),"",H212*N212) -> 348.45
A213: D-1212 | B213: 45739 | C213: Harbor Inc | D213: Pro Plan | E213: Marcus Johnson | F213: Sarah Chen | G213: EMEA | H213: 2 | I213: 283.25 | J213: 566.5 | K213: Pro Plan | L213: =TRIM(E213) -> Marcus Johnson | M213: =IF(G213="","",IF(LOWER(TRIM(G213))="north america","North America",IF(LOWER(TRIM(G213))="emea","EMEA",IF(LOWER(TRIM(G213))="apac","APAC",IF(LOWER(TRIM(G213))="latam","LATAM",TRIM(G213)))))) -> EMEA | N213: =VALUE(SUBSTITUTE(SUBSTITUTE(SUBSTITUTE(I213,"$",""),",",""),".",",")) -> 283.25 | O213: =IF(OR(H213="",N213=""),"",H213*N213) -> 566.5
...

Sheet Zusammenfassung
A1: PeakFlow Q1 2025 - Sales Summery
A3: Anzahl Deals | D3: =COUNTA(A100:A1038) -> 264
A4: Summe Revenue | D4: =SUM(J100:J349) -> 364634.55
A5: Mittelwert Geschäftumsatz | D5: =AVERAGE(J100:J349) -> 1458.5382
A6: Median Geschäftumsatz | D6: =MEDIAN(J100:J349) -> 386.76
A7: Minimum | D7: =MIN(J99:J342) -> 41.17
A8: Maximum | D8: =MAX(J99:J342) -> 46616
A9: Bereich | D9: =MAX(J99:J342)-MIN(J99:J342) -> 46574.83
A10: Standardabweichung | D10: =STDEV(J99:J349) -> 4165.1839
A11: 1. Quartil (Q1) | D11: =QUARTILE(J99:J342,1) -> 131.395
A12: 3. Quartil (Q3) | D12: =QUARTILE(J99:J342,3) -> 994.38
A14: Wie sieht ein typischer Deal im ersten Quartal aus? Der typische Deal im ersten Quartal weist einen Umsatz von 386,76 € auf. Dieser Wert entspricht dem Median und beschreibt den typischen Geschäftsumsatz besser als der Mittelwert, da der Median nicht von einzelnen außergewöhnlich hohen Umsätzen beeinflusst wird.
A16: Vergleich von Mittelwert und Median Der Mittelwert beträgt 1.458,54 € und liegt damit deutlich über dem Median von 386,76 €. Diese Abweichung deutet auf eine rechtsschiefe Verteilung der Umsätze hin. Einige wenige umsatzstarke Deals erhöhen den Durchschnitt erheblich, während der Großteil der Geschäfte deutlich niedrigere Umsätze erzielt. Der hohe Maximalwert von 46.616,00 € bestätigt das Vorhandensein solcher Ausreißer. Daher eignet sich der Median besser, um den typischen Umsatz eines Deals zu beschreiben.
A19: Performance by Sale Rep
B20: Category Name
A21: Sales Rep | B21: {=TRANSPOSE(_xlfn.UNIQUE(_xlfn._xlws.FILTER(D100:D1038,D100:D1038<>"")))} -> Starter Plan | C21: Pro Plan | D21: Enterprise Plan | E21: Business Plan | F21: Add-on: Support | G21: Add-on: Analytics
A22: {=_xlfn.UNIQUE(_xlfn._xlws.FILTER(E100:E1038,E100:E1038<>""))} -> Priya Patel | B22: =IF(COUNTIFS($E$100:$E$1038,$A22,$D$100:$D$1038,B$21)=0,"keine Daten vorhanden",SUMIFS($J$100:$J$1038,$E$100:$E$1038,$A22,$D$100:$D$1038,B$21)) -> 425.02 | C22: =IF(COUNTIFS($E$100:$E$1038,$A22,$D$100:$D$1038,C$21)=0,"keine Daten vorhanden",SUMIFS($J$100:$J$1038,$E$100:$E$1038,$A22,$D$100:$D$1038,C$21)) -> 3380.64 | D22: =IF(COUNTIFS($E$100:$E$1038,$A22,$D$100:$D$1038,D$21)=0,"keine Daten vorhanden",SUMIFS($J$100:$J$1038,$E$100:$E$1038,$A22,$D$100:$D$1038,D$21)) -> 2728.47 | E22: =IF(COUNTIFS($E$100:$E$1038,$A22,$D$100:$D$1038,E$21)=0,"keine Daten vorhanden",SUMIFS($J$100:$J$1038,$E$100:$E$1038,$A22,$D$100:$D$1038,E$21)) -> 1377.55 | F22: =IF(COUNTIFS($E$100:$E$1038,$A22,$D$100:$D$1038,F$21)=0,"keine Daten vorhanden",SUMIFS($J$100:$J$1038,$E$100:$E$1038,$A22,$D$100:$D$1038,F$21)) -> 1882.42 | G22: =IF(COUNTIFS($E$100:$E$1038,$A22,$D$100:$D$1038,G$21)=0,"keine Daten vorhanden",SUMIFS($J$100:$J$1038,$E$100:$E$1038,$A22,$D$100:$D$1038,G$21)) -> 515.5
A23: David Kim | B23: =IF(COUNTIFS($E$100:$E$1038,$A23,$D$100:$D$1038,B$21)=0,"keine Daten vorhanden",SUMIFS($J$100:$J$1038,$E$100:$E$1038,$A23,$D$100:$D$1038,B$21)) -> 2509.99 | C23: =IF(COUNTIFS($E$100:$E$1038,$A23,$D$100:$D$1038,C$21)=0,"keine Daten vorhanden",SUMIFS($J$100:$J$1038,$E$100:$E$1038,$A23,$D$100:$D$1038,C$21)) -> 6607.08 | D23: =IF(COUNTIFS($E$100:$E$1038,$A23,$D$100:$D$1038,D$21)=0,"keine Daten vorhanden",SUMIFS($J$100:$J$1038,$E$100:$E$1038,$A23,$D$100:$D$1038,D$21)) -> 26430.16 | E23: =IF(COUNTIFS($E$100:$E$1038,$A23,$D$100:$D$1038,E$21)=0,"keine Daten vorhanden",SUMIFS($J$100:$J$1038,$E$100:$E$1038,$A23,$D$100:$D$1038,E$21)) -> 3858.23 | F23: =IF(COUNTIFS($E$100:$E$1038,$A23,$D$100:$D$1038,F$21)=0,"keine Daten vorhanden",SUMIFS($J$100:$J$1038,$E$100:$E$1038,$A23,$D$100:$D$1038,F$21)) -> keine Daten vorhanden | G23: =IF(COUNTIFS($E$100:$E$1038,$A23,$D$100:$D$1038,G$21)=0,"keine Daten vorhanden",SUMIFS($J$100:$J$1038,$E$100:$E$1038,$A23,$D$100:$D$1038,G$21)) -> 1647.13
A24: Carlos Mendez | B24: =IF(COUNTIFS($E$100:$E$1038,$A24,$D$100:$D$1038,B$21)=0,"keine Daten vorhanden",SUMIFS($J$100:$J$1038,$E$100:$E$1038,$A24,$D$100:$D$1038,B$21)) -> 4610.26 | C24: =IF(COUNTIFS($E$100:$E$1038,$A24,$D$100:$D$1038,C$21)=0,"keine Daten vorhanden",SUMIFS($J$100:$J$1038,$E$100:$E$1038,$A24,$D$100:$D$1038,C$21)) -> 3745.67 | D24: =IF(COUNTIFS($E$100:$E$1038,$A24,$D$100:$D$1038,D$21)=0,"keine Daten vorhanden",SUMIFS($J$100:$J$1038,$E$100:$E$1038,$A24,$D$100:$D$1038,D$21)) -> 15653.27 | E24: =IF(COUNTIFS($E$100:$E$1038,$A24,$D$100:$D$1038,E$21)=0,"keine Daten vorhanden",SUMIFS($J$100:$J$1038,$E$100:$E$1038,$A24,$D$100:$D$1038,E$21)) -> 403.84 | F24: =IF(COUNTIFS($E$100:$E$1038,$A24,$D$100:$D$1038,F$21)=0,"keine Daten vorhanden",SUMIFS($J$100:$J$1038,$E$100:$E$1038,$A24,$D$100:$D$1038,F$21)) -> 114.94 | G24: =IF(COUNTIFS($E$100:$E$1038,$A24,$D$100:$D$1038,G$21)=0,"keine Daten vorhanden",SUMIFS($J$100:$J$1038,$E$100:$E$1038,$A24,$D$100:$D$1038,G$21)) -> 183.21
A25: Aisha Hassan | B25: =IF(COUNTIFS($E$100:$E$1038,$A25,$D$100:$D$1038,B$21)=0,"keine Daten vorhanden",SUMIFS($J$100:$J$1038,$E$100:$E$1038,$A25,$D$100:$D$1038,B$21)) -> 1173.93 | C25: =IF(COUNTIFS($E$100:$E$1038,$A25,$D$100:$D$1038,C$21)=0,"keine Daten vorhanden",SUMIFS($J$100:$J$1038,$E$100:$E$1038,$A25,$D$100:$D$1038,C$21)) -> 15262.84 | D25: =IF(COUNTIFS($E$100:$E$1038,$A25,$D$100:$D$1038,D$21)=0,"keine Daten vorhanden",SUMIFS($J$100:$J$1038,$E$100:$E$1038,$A25,$D$100:$D$1038,D$21)) -> 12154 | E25: =IF(COUNTIFS($E$100:$E$1038,$A25,$D$100:$D$1038,E$21)=0,"keine Daten vorhanden",SUMIFS($J$100:$J$1038,$E$100:$E$1038,$A25,$D$100:$D$1038,E$21)) -> 4427.08 | F25: =IF(COUNTIFS($E$100:$E$1038,$A25,$D$100:$D$1038,F$21)=0,"keine Daten vorhanden",SUMIFS($J$100:$J$1038,$E$100:$E$1038,$A25,$D$100:$D$1038,F$21)) -> 249.04 | G25: =IF(COUNTIFS($E$100:$E$1038,$A25,$D$100:$D$1038,G$21)=0,"keine Daten vorhanden",SUMIFS($J$100:$J$1038,$E$100:$E$1038,$A25,$D$100:$D$1038,G$21)) -> 604.26
A26: Elena Rossi | B26: =IF(COUNTIFS($E$100:$E$1038,$A26,$D$100:$D$1038,B$21)=0,"keine Daten vorhanden",SUMIFS($J$100:$J$1038,$E$100:$E$1038,$A26,$D$100:$D$1038,B$21)) -> 3973.4 | C26: =IF(COUNTIFS($E$100:$E$1038,$A26,$D$100:$D$1038,C$21)=0,"keine Daten vorhanden",SUMIFS($J$100:$J$1038,$E$100:$E$1038,$A26,$D$100:$D$1038,C$21)) -> 996.5 | D26: =IF(COUNTIFS($E$100:$E$1038,$A26,$D$100:$D$1038,D$21)=0,"keine Daten vorhanden",SUMIFS($J$100:$J$1038,$E$100:$E$1038,$A26,$D$100:$D$1038,D$21)) -> 4503.4 | E26: =IF(COUNTIFS($E$100:$E$1038,$A26,$D$100:$D$1038,E$21)=0,"keine Daten vorhanden",SUMIFS($J$100:$J$1038,$E$100:$E$1038,$A26,$D$100:$D$1038,E$21)) -> 10192.24 | F26: =IF(COUNTIFS($E$100:$E$1038,$A26,$D$100:$D$1038,F$21)=0,"keine Daten vorhanden",SUMIFS($J$100:$J$1038,$E$100:$E$1038,$A26,$D$100:$D$1038,F$21)) -> 198.53 | G26: =IF(COUNTIFS($E$100:$E$1038,$A26,$D$100:$D$1038,G$21)=0,"keine Daten vorhanden",SUMIFS($J$100:$J$1038,$E$100:$E$1038,$A26,$D$100:$D$1038,G$21)) -> 373.45
A27: Nina Petrov | B27: =IF(COUNTIFS($E$100:$E$1038,$A27,$D$100:$D$1038,B$21)=0,"keine Daten vorhanden",SUMIFS($J$100:$J$1038,$E$100:$E$1038,$A27,$D$100:$D$1038,B$21)) -> 1107.58 | C27: =IF(COUNTIFS($E$100:$E$1038,$A27,$D$100:$D$1038,C$21)=0,"keine Daten vorhanden",SUMIFS($J$100:$J$1038,$E$100:$E$1038,$A27,$D$100:$D$1038,C$21)) -> 14152.34 | D27: =IF(COUNTIFS($E$100:$E$1038,$A27,$D$100:$D$1038,D$21)=0,"keine Daten vorhanden",SUMIFS($J$100:$J$1038,$E$100:$E$1038,$A27,$D$100:$D$1038,D$21)) -> 47925.46 | E27: =IF(COUNTIFS($E$100:$E$1038,$A27,$D$100:$D$1038,E$21)=0,"keine Daten vorhanden",SUMIFS($J$100:$J$1038,$E$100:$E$1038,$A27,$D$100:$D$1038,E$21)) -> 1199.6 | F27: =IF(COUNTIFS($E$100:$E$1038,$A27,$D$100:$D$1038,F$21)=0,"keine Daten vorhanden",SUMIFS($J$100:$J$1038,$E$100:$E$1038,$A27,$D$100:$D$1038,F$21)) -> 294.63 | G27: =IF(COUNTIFS($E$100:$E$1038,$A27,$D$100:$D$1038,G$21)=0,"keine Daten vorhanden",SUMIFS($J$100:$J$1038,$E$100:$E$1038,$A27,$D$100:$D$1038,G$21)) -> 95.13
A28: Tom Wilson | B28: =IF(COUNTIFS($E$100:$E$1038,$A28,$D$100:$D$1038,B$21)=0,"keine Daten vorhanden",SUMIFS($J$100:$J$1038,$E$100:$E$1038,$A28,$D$100:$D$1038,B$21)) -> 1406.89 | C28: =IF(COUNTIFS($E$100:$E$1038,$A28,$D$100:$D$1038,C$21)=0,"keine Daten vorhanden",SUMIFS($J$100:$J$1038,$E$100:$E$1038,$A28,$D$100:$D$1038,C$21)) -> 10276.16 | D28: =IF(COUNTIFS($E$100:$E$1038,$A28,$D$100:$D$1038,D$21)=0,"keine Daten vorhanden",SUMIFS($J$100:$J$1038,$E$100:$E$1038,$A28,$D$100:$D$1038,D$21)) -> 1227.17 | E28: =IF(COUNTIFS($E$100:$E$1038,$A28,$D$100:$D$1038,E$21)=0,"keine Daten vorhanden",SUMIFS($J$100:$J$1038,$E$100:$E$1038,$A28,$D$100:$D$1038,E$21)) -> 1335.01 | F28: =IF(COUNTIFS($E$100:$E$1038,$A28,$D$100:$D$1038,F$21)=0,"keine Daten vorhanden",SUMIFS($J$100:$J$1038,$E$100:$E$1038,$A28,$D$100:$D$1038,F$21)) -> 330.86 | G28: =IF(COUNTIFS($E$100:$E$1038,$A28,$D$100:$D$1038,G$21)=0,"keine Daten vorhanden",SUMIFS($J$100:$J$1038,$E$100:$E$1038,$A28,$D$100:$D$1038,G$21)) -> 825.73
A29: Marcus Johnson | B29: =IF(COUNTIFS($E$100:$E$1038,$A29,$D$100:$D$1038,B$21)=0,"keine Daten vorhanden",SUMIFS($J$100:$J$1038,$E$100:$E$1038,$A29,$D$100:$D$1038,B$21)) -> 747.95 | C29: =IF(COUNTIFS($E$100:$E$1038,$A29,$D$100:$D$1038,C$21)=0,"keine Daten vorhanden",SUMIFS($J$100:$J$1038,$E$100:$E$1038,$A29,$D$100:$D$1038,C$21)) -> 8780.22 | D29: =IF(COUNTIFS($E$100:$E$1038,$A29,$D$100:$D$1038,D$21)=0,"keine Daten vorhanden",SUMIFS($J$100:$J$1038,$E$100:$E$1038,$A29,$D$100:$D$1038,D$21)) -> 56800.24 | E29: =IF(COUNTIFS($E$100:$E$1038,$A29,$D$100:$D$1038,E$21)=0,"keine Daten vorhanden",SUMIFS($J$100:$J$1038,$E$100:$E$1038,$A29,$D$100:$D$1038,E$21)) -> 10763.03 | F29: =IF(COUNTIFS($E$100:$E$1038,$A29,$D$100:$D$1038,F$21)=0,"keine Daten vorhanden",SUMIFS($J$100:$J$1038,$E$100:$E$1038,$A29,$D$100:$D$1038,F$21)) -> 1163.97 | G29: =IF(COUNTIFS($E$100:$E$1038,$A29,$D$100:$D$1038,G$21)=0,"keine Daten vorhanden",SUMIFS($J$100:$J$1038,$E$100:$E$1038,$A29,$D$100:$D$1038,G$21)) -> 696.56
A30: James Park | B30: =IF(COUNTIFS($E$100:$E$1038,$A30,$D$100:$D$1038,B$21)=0,"keine Daten vorhanden",SUMIFS($J$100:$J$1038,$E$100:$E$1038,$A30,$D$100:$D$1038,B$21)) -> 2475.44 | C30: =IF(COUNTIFS($E$100:$E$1038,$A30,$D$100:$D$1038,C$21)=0,"keine Daten vorhanden",SUMIFS($J$100:$J$1038,$E$100:$E$1038,$A30,$D$100:$D$1038,C$21)) -> 4790.61 | D30: =IF(COUNTIFS($E$100:$E$1038,$A30,$D$100:$D$1038,D$21)=0,"keine Daten vorhanden",SUMIFS($J$100:$J$1038,$E$100:$E$1038,$A30,$D$100:$D$1038,D$21)) -> 2533 | E30: =IF(COUNTIFS($E$100:$E$1038,$A30,$D$100:$D$1038,E$21)=0,"keine Daten vorhanden",SUMIFS($J$100:$J$1038,$E$100:$E$1038,$A30,$D$100:$D$1038,E$21)) -> 3076.84 | F30: =IF(COUNTIFS($E$100:$E$1038,$A30,$D$100:$D$1038,F$21)=0,"keine Daten vorhanden",SUMIFS($J$100:$J$1038,$E$100:$E$1038,$A30,$D$100:$D$1038,F$21)) -> keine Daten vorhanden | G30: =IF(COUNTIFS($E$100:$E$1038,$A30,$D$100:$D$1038,G$21)=0,"keine Daten vorhanden",SUMIFS($J$100:$J$1038,$E$100:$E$1038,$A30,$D$100:$D$1038,G$21)) -> 2319.25
A31: Raj Sharma | B31: =IF(COUNTIFS($E$100:$E$1038,$A31,$D$100:$D$1038,B$21)=0,"keine Daten vorhanden",SUMIFS($J$100:$J$1038,$E$100:$E$1038,$A31,$D$100:$D$1038,B$21)) -> 3078.66 | C31: =IF(COUNTIFS($E$100:$E$1038,$A31,$D$100:$D$1038,C$21)=0,"keine Daten vorhanden",SUMIFS($J$100:$J$1038,$E$100:$E$1038,$A31,$D$100:$D$1038,C$21)) -> 11872.97 | D31: =IF(COUNTIFS($E$100:$E$1038,$A31,$D$100:$D$1038,D$21)=0,"keine Daten vorhanden",SUMIFS($J$100:$J$1038,$E$100:$E$1038,$A31,$D$100:$D$1038,D$21)) -> keine Daten vorhanden | E31: =IF(COUNTIFS($E$100:$E$1038,$A31,$D$100:$D$1038,E$21)=0,"keine Daten vorhanden",SUMIFS($J$100:$J$1038,$E$100:$E$1038,$A31,$D$100:$D$1038,E$21)) -> 7365.2 | F31: =IF(COUNTIFS($E$100:$E$1038,$A31,$D$100:$D$1038,F$21)=0,"keine Daten vorhanden",SUMIFS($J$100:$J$1038,$E$100:$E$1038,$A31,$D$100:$D$1038,F$21)) -> keine Daten vorhanden | G31: =IF(COUNTIFS($E$100:$E$1038,$A31,$D$100:$D$1038,G$21)=0,"keine Daten vorhanden",SUMIFS($J$100:$J$1038,$E$100:$E$1038,$A31,$D$100:$D$1038,G$21)) -> 95.39
A32: Sophie Laurent | B32: =IF(COUNTIFS($E$100:$E$1038,$A32,$D$100:$D$1038,B$21)=0,"keine Daten vorhanden",SUMIFS($J$100:$J$1038,$E$100:$E$1038,$A32,$D$100:$D$1038,B$21)) -> 5819.56 | C32: =IF(COUNTIFS($E$100:$E$1038,$A32,$D$100:$D$1038,C$21)=0,"keine Daten vorhanden",SUMIFS($J$100:$J$1038,$E$100:$E$1038,$A32,$D$100:$D$1038,C$21)) -> 1177.11 | D32: =IF(COUNTIFS($E$100:$E$1038,$A32,$D$100:$D$1038,D$21)=0,"keine Daten vorhanden",SUMIFS($J$100:$J$1038,$E$100:$E$1038,$A32,$D$100:$D$1038,D$21)) -> 958.86 | E32: =IF(COUNTIFS($E$100:$E$1038,$A32,$D$100:$D$1038,E$21)=0,"keine Daten vorhanden",SUMIFS($J$100:$J$1038,$E$100:$E$1038,$A32,$D$100:$D$1038,E$21)) -> 4908.2 | F32: =IF(COUNTIFS($E$100:$E$1038,$A32,$D$100:$D$1038,F$21)=0,"keine Daten vorhanden",SUMIFS($J$100:$J$1038,$E$100:$E$1038,$A32,$D$100:$D$1038,F$21)) -> 2214.32 | G32: =IF(COUNTIFS($E$100:$E$1038,$A32,$D$100:$D$1038,G$21)=0,"keine Daten vorhanden",SUMIFS($J$100:$J$1038,$E$100:$E$1038,$A32,$D$100:$D$1038,G$21)) -> 104.56
A33: Hannah Lee | B33: =IF(COUNTIFS($E$100:$E$1038,$A33,$D$100:$D$1038,B$21)=0,"keine Daten vorhanden",SUMIFS($J$100:$J$1038,$E$100:$E$1038,$A33,$D$100:$D$1038,B$21)) -> 4840.27 | C33: =IF(COUNTIFS($E$100:$E$1038,$A33,$D$100:$D$1038,C$21)=0,"keine Daten vorhanden",SUMIFS($J$100:$J$1038,$E$100:$E$1038,$A33,$D$100:$D$1038,C$21)) -> 4164.71 | D33: =IF(COUNTIFS($E$100:$E$1038,$A33,$D$100:$D$1038,D$21)=0,"keine Daten vorhanden",SUMIFS($J$100:$J$1038,$E$100:$E$1038,$A33,$D$100:$D$1038,D$21)) -> keine Daten vorhanden | E33: =IF(COUNTIFS($E$100:$E$1038,$A33,$D$100:$D$1038,E$21)=0,"keine Daten vorhanden",SUMIFS($J$100:$J$1038,$E$100:$E$1038,$A33,$D$100:$D$1038,E$21)) -> 7524.34 | F33: =IF(COUNTIFS($E$100:$E$1038,$A33,$D$100:$D$1038,F$21)=0,"keine Daten vorhanden",SUMIFS($J$100:$J$1038,$E$100:$E$1038,$A33,$D$100:$D$1038,F$21)) -> 1759.48 | G33: =IF(COUNTIFS($E$100:$E$1038,$A33,$D$100:$D$1038,G$21)=0,"keine Daten vorhanden",SUMIFS($J$100:$J$1038,$E$100:$E$1038,$A33,$D$100:$D$1038,G$21)) -> 4245.2
A36: Performance by Sale Rep
B37: Region
A38: Sales Rep | B38: APAC | C38: EMEA | D38: LATAM | E38: North America
A39: {=_xlfn.UNIQUE(_xlfn._xlws.FILTER(E100:E1038,E100:E1038<>""))} -> Priya Patel | B39: =IF(COUNTIFS($E$100:$E$1038,$A39,$G$100:$G$1038,B$38)=0,"keine Daten vorhanden",SUMIFS($J$100:$J$1038,$E$100:$E$1038,$A39,$G$100:$G$1038,B$38)) -> 2310.33 | C39: =IF(COUNTIFS($E$100:$E$1038,$A39,$G$100:$G$1038,C$38)=0,"keine Daten vorhanden",SUMIFS($J$100:$J$1038,$E$100:$E$1038,$A39,$G$100:$G$1038,C$38)) -> 3060.53 | D39: =IF(COUNTIFS($E$100:$E$1038,$A39,$G$100:$G$1038,D$38)=0,"keine Daten vorhanden",SUMIFS($J$100:$J$1038,$E$100:$E$1038,$A39,$G$100:$G$1038,D$38)) -> 2125.56 | E39: =IF(COUNTIFS($E$100:$E$1038,$A39,$G$100:$G$1038,E$38)=0,"keine Daten vorhanden",SUMIFS($J$100:$J$1038,$E$100:$E$1038,$A39,$G$100:$G$1038,E$38)) -> 2813.18
A40: David Kim | B40: =IF(COUNTIFS($E$100:$E$1038,$A40,$G$100:$G$1038,B$38)=0,"keine Daten vorhanden",SUMIFS($J$100:$J$1038,$E$100:$E$1038,$A40,$G$100:$G$1038,B$38)) -> 1075.49 | C40: =IF(COUNTIFS($E$100:$E$1038,$A40,$G$100:$G$1038,C$38)=0,"keine Daten vorhanden",SUMIFS($J$100:$J$1038,$E$100:$E$1038,$A40,$G$100:$G$1038,C$38)) -> 8161.66 | D40: =IF(COUNTIFS($E$100:$E$1038,$A40,$G$100:$G$1038,D$38)=0,"keine Daten vorhanden",SUMIFS($J$100:$J$1038,$E$100:$E$1038,$A40,$G$100:$G$1038,D$38)) -> 24600.09 | E40: =IF(COUNTIFS($E$100:$E$1038,$A40,$G$100:$G$1038,E$38)=0,"keine Daten vorhanden",SUMIFS($J$100:$J$1038,$E$100:$E$1038,$A40,$G$100:$G$1038,E$38)) -> 7215.35
A41: Carlos Mendez | B41: =IF(COUNTIFS($E$100:$E$1038,$A41,$G$100:$G$1038,B$38)=0,"keine Daten vorhanden",SUMIFS($J$100:$J$1038,$E$100:$E$1038,$A41,$G$100:$G$1038,B$38)) -> 4015.28 | C41: =IF(COUNTIFS($E$100:$E$1038,$A41,$G$100:$G$1038,C$38)=0,"keine Daten vorhanden",SUMIFS($J$100:$J$1038,$E$100:$E$1038,$A41,$G$100:$G$1038,C$38)) -> 16125.9 | D41: =IF(COUNTIFS($E$100:$E$1038,$A41,$G$100:$G$1038,D$38)=0,"keine Daten vorhanden",SUMIFS($J$100:$J$1038,$E$100:$E$1038,$A41,$G$100:$G$1038,D$38)) -> 3357.63 | E41: =IF(COUNTIFS($E$100:$E$1038,$A41,$G$100:$G$1038,E$38)=0,"keine Daten vorhanden",SUMIFS($J$100:$J$1038,$E$100:$E$1038,$A41,$G$100:$G$1038,E$38)) -> 1212.38
A42: Aisha Hassan | B42: =IF(COUNTIFS($E$100:$E$1038,$A42,$G$100:$G$1038,B$38)=0,"keine Daten vorhanden",SUMIFS($J$100:$J$1038,$E$100:$E$1038,$A42,$G$100:$G$1038,B$38)) -> 13491.73 | C42: =IF(COUNTIFS($E$100:$E$1038,$A42,$G$100:$G$1038,C$38)=0,"keine Daten vorhanden",SUMIFS($J$100:$J$1038,$E$100:$E$1038,$A42,$G$100:$G$1038,C$38)) -> 667.97 | D42: =IF(COUNTIFS($E$100:$E$1038,$A42,$G$100:$G$1038,D$38)=0,"keine Daten vorhanden",SUMIFS($J$100:$J$1038,$E$100:$E$1038,$A42,$G$100:$G$1038,D$38)) -> 5480.51 | E42: =IF(COUNTIFS($E$100:$E$1038,$A42,$G$100:$G$1038,E$38)=0,"keine Daten vorhanden",SUMIFS($J$100:$J$1038,$E$100:$E$1038,$A42,$G$100:$G$1038,E$38)) -> 14230.94
A43: Elena Rossi | B43: =IF(COUNTIFS($E$100:$E$1038,$A43,$G$100:$G$1038,B$38)=0,"keine Daten vorhanden",SUMIFS($J$100:$J$1038,$E$100:$E$1038,$A43,$G$100:$G$1038,B$38)) -> 17856.3 | C43: =IF(COUNTIFS($E$100:$E$1038,$A43,$G$100:$G$1038,C$38)=0,"keine Daten vorhanden",SUMIFS($J$100:$J$1038,$E$100:$E$1038,$A43,$G$100:$G$1038,C$38)) -> 112.19 | D43: =IF(COUNTIFS($E$100:$E$1038,$A43,$G$100:$G$1038,D$38)=0,"keine Daten vorhanden",SUMIFS($J$100:$J$1038,$E$100:$E$1038,$A43,$G$100:$G$1038,D$38)) -> 260.51 | E43: =IF(COUNTIFS($E$100:$E$1038,$A43,$G$100:$G$1038,E$38)=0,"keine Daten vorhanden",SUMIFS($J$100:$J$1038,$E$100:$E$1038,$A43,$G$100:$G$1038,E$38)) -> 2008.52
A44: Nina Petrov | B44: =IF(COUNTIFS($E$100:$E$1038,$A44,$G$100:$G$1038,B$38)=0,"keine Daten vorhanden",SUMIFS($J$100:$J$1038,$E$100:$E$1038,$A44,$G$100:$G$1038,B$38)) -> 47137.04 | C44: =IF(COUNTIFS($E$100:$E$1038,$A44,$G$100:$G$1038,C$38)=0,"keine Daten vorhanden",SUMIFS($J$100:$J$1038,$E$100:$E$1038,$A44,$G$100:$G$1038,C$38)) -> 3848.72 | D44: =IF(COUNTIFS($E$100:$E$1038,$A44,$G$100:$G$1038,D$38)=0,"keine Daten vorhanden",SUMIFS($J$100:$J$1038,$E$100:$E$1038,$A44,$G$100:$G$1038,D$38)) -> 11835.36 | E44: =IF(COUNTIFS($E$100:$E$1038,$A44,$G$100:$G$1038,E$38)=0,"keine Daten vorhanden",SUMIFS($J$100:$J$1038,$E$100:$E$1038,$A44,$G$100:$G$1038,E$38)) -> 1953.62
A45: Tom Wilson | B45: =IF(COUNTIFS($E$100:$E$1038,$A45,$G$100:$G$1038,B$38)=0,"keine Daten vorhanden",SUMIFS($J$100:$J$1038,$E$100:$E$1038,$A45,$G$100:$G$1038,B$38)) -> 1073.24 | C45: =IF(COUNTIFS($E$100:$E$1038,$A45,$G$100:$G$1038,C$38)=0,"keine Daten vorhanden",SUMIFS($J$100:$J$1038,$E$100:$E$1038,$A45,$G$100:$G$1038,C$38)) -> 3096 | D45: =IF(COUNTIFS($E$100:$E$1038,$A45,$G$100:$G$1038,D$38)=0,"keine Daten vorhanden",SUMIFS($J$100:$J$1038,$E$100:$E$1038,$A45,$G$100:$G$1038,D$38)) -> 8987.68 | E45: =IF(COUNTIFS($E$100:$E$1038,$A45,$G$100:$G$1038,E$38)=0,"keine Daten vorhanden",SUMIFS($J$100:$J$1038,$E$100:$E$1038,$A45,$G$100:$G$1038,E$38)) -> 2244.9
A46: Marcus Johnson | B46: =IF(COUNTIFS($E$100:$E$1038,$A46,$G$100:$G$1038,B$38)=0,"keine Daten vorhanden",SUMIFS($J$100:$J$1038,$E$100:$E$1038,$A46,$G$100:$G$1038,B$38)) -> 14117 | C46: =IF(COUNTIFS($E$100:$E$1038,$A46,$G$100:$G$1038,C$38)=0,"keine Daten vorhanden",SUMIFS($J$100:$J$1038,$E$100:$E$1038,$A46,$G$100:$G$1038,C$38)) -> 28295.08 | D46: =IF(COUNTIFS($E$100:$E$1038,$A46,$G$100:$G$1038,D$38)=0,"keine Daten vorhanden",SUMIFS($J$100:$J$1038,$E$100:$E$1038,$A46,$G$100:$G$1038,D$38)) -> 26328.69 | E46: =IF(COUNTIFS($E$100:$E$1038,$A46,$G$100:$G$1038,E$38)=0,"keine Daten vorhanden",SUMIFS($J$100:$J$1038,$E$100:$E$1038,$A46,$G$100:$G$1038,E$38)) -> 10211.2
A47: James Park | B47: =IF(COUNTIFS($E$100:$E$1038,$A47,$G$100:$G$1038,B$38)=0,"keine Daten vorhanden",SUMIFS($J$100:$J$1038,$E$100:$E$1038,$A47,$G$100:$G$1038,B$38)) -> 372.97 | C47: =IF(COUNTIFS($E$100:$E$1038,$A47,$G$100:$G$1038,C$38)=0,"keine Daten vorhanden",SUMIFS($J$100:$J$1038,$E$100:$E$1038,$A47,$G$100:$G$1038,C$38)) -> 4705.65 | D47: =IF(COUNTIFS($E$100:$E$1038,$A47,$G$100:$G$1038,D$38)=0,"keine Daten vorhanden",SUMIFS($J$100:$J$1038,$E$100:$E$1038,$A47,$G$100:$G$1038,D$38)) -> 784.01 | E47: =IF(COUNTIFS($E$100:$E$1038,$A47,$G$100:$G$1038,E$38)=0,"keine Daten vorhanden",SUMIFS($J$100:$J$1038,$E$100:$E$1038,$A47,$G$100:$G$1038,E$38)) -> 9332.51
A48: Raj Sharma | B48: =IF(COUNTIFS($E$100:$E$1038,$A48,$G$100:$G$1038,B$38)=0,"keine Daten vorhanden",SUMIFS($J$100:$J$1038,$E$100:$E$1038,$A48,$G$100:$G$1038,B$38)) -> 5953.04 | C48: =IF(COUNTIFS($E$100:$E$1038,$A48,$G$100:$G$1038,C$38)=0,"keine Daten vorhanden",SUMIFS($J$100:$J$1038,$E$100:$E$1038,$A48,$G$100:$G$1038,C$38)) -> 2149.66 | D48: =IF(COUNTIFS($E$100:$E$1038,$A48,$G$100:$G$1038,D$38)=0,"keine Daten vorhanden",SUMIFS($J$100:$J$1038,$E$100:$E$1038,$A48,$G$100:$G$1038,D$38)) -> 996 | E48: =IF(COUNTIFS($E$100:$E$1038,$A48,$G$100:$G$1038,E$38)=0,"keine Daten vorhanden",SUMIFS($J$100:$J$1038,$E$100:$E$1038,$A48,$G$100:$G$1038,E$38)) -> 13313.52
A49: Sophie Laurent | B49: =IF(COUNTIFS($E$100:$E$1038,$A49,$G$100:$G$1038,B$38)=0,"keine Daten vorhanden",SUMIFS($J$100:$J$1038,$E$100:$E$1038,$A49,$G$100:$G$1038,B$38)) -> 5058.26 | C49: =IF(COUNTIFS($E$100:$E$1038,$A49,$G$100:$G$1038,C$38)=0,"keine Daten vorhanden",SUMIFS($J$100:$J$1038,$E$100:$E$1038,$A49,$G$100:$G$1038,C$38)) -> 7650.38 | D49: =IF(COUNTIFS($E$100:$E$1038,$A49,$G$100:$G$1038,D$38)=0,"keine Daten vorhanden",SUMIFS($J$100:$J$1038,$E$100:$E$1038,$A49,$G$100:$G$1038,D$38)) -> 946.37 | E49: =IF(COUNTIFS($E$100:$E$1038,$A49,$G$100:$G$1038,E$38)=0,"keine Daten vorhanden",SUMIFS($J$100:$J$1038,$E$100:$E$1038,$A49,$G$100:$G$1038,E$38)) -> 1527.6
A50: Hannah Lee | B50: =IF(COUNTIFS($E$100:$E$1038,$A50,$G$100:$G$1038,B$38)=0,"keine Daten vorhanden",SUMIFS($J$100:$J$1038,$E$100:$E$1038,$A50,$G$100:$G$1038,B$38)) -> 7564.81 | C50: =IF(COUNTIFS($E$100:$E$1038,$A50,$G$100:$G$1038,C$38)=0,"keine Daten vorhanden",SUMIFS($J$100:$J$1038,$E$100:$E$1038,$A50,$G$100:$G$1038,C$38)) -> 275.18 | D50: =IF(COUNTIFS($E$100:$E$1038,$A50,$G$100:$G$1038,D$38)=0,"keine Daten vorhanden",SUMIFS($J$100:$J$1038,$E$100:$E$1038,$A50,$G$100:$G$1038,D$38)) -> 8172.73 | E50: =IF(COUNTIFS($E$100:$E$1038,$A50,$G$100:$G$1038,E$38)=0,"keine Daten vorhanden",SUMIFS($J$100:$J$1038,$E$100:$E$1038,$A50,$G$100:$G$1038,E$38)) -> 6521.28
A52: Liniendiagramm: Umsatzentwicklung (Jan, Feb, März)
A53: Monat | B53: Umsatz
A54: Januar | B54: =SUMIFS($J$100:$J$349,$B$100:$B$349,">="&DATE(2025,1,1),$B$100:$B$349,"<"&DATE(2025,2,1)) -> 186600.12
A55: Februar | B55: =SUMIFS($J$100:$J$349,$B$100:$B$349,">="&DATE(2025,2,1),$B$100:$B$349,"<"&DATE(2025,3,1)) -> 85430.35
A56: März | B56: =SUMIFS($J$100:$J$349,$B$100:$B$349,">="&DATE(2025,3,1),$B$100:$B$349,"<"&DATE(2025,4,1)) -> 92604.08
A58: Balkendiagramm: Umsatz nach Vertriebsmitarbeiter
A59: Vertriebsmitarbeiter | B59: Umsatz
A60: Marcus Johnson | B60: =SUMIF($E$100:$E$349,A60,$J$100:$J$349) -> 78951.97
A61: Nina Petrov | B61: =SUMIF($E$100:$E$349,A61,$J$100:$J$349) -> 64774.74
A62: David Kim | B62: =SUMIF($E$100:$E$349,A62,$J$100:$J$349) -> 41052.59
A63: Aisha Hassan | B63: =SUMIF($E$100:$E$349,A63,$J$100:$J$349) -> 33871.15
A64: Carlos Mendez | B64: =SUMIF($E$100:$E$349,A64,$J$100:$J$349) -> 24711.19
A68: Manager | B68: Min | C68: Q1 | D68: Q3 | E68: Max | F68: Med
A69: Sarah Chen | B69: {=MIN(_xlfn._xlws.FILTER($J$100:$J$349,$F$100:$F$349=$A69))} -> 46.99 | C69: {=_xlfn.QUARTILE.INC(_xlfn._xlws.FILTER($J$100:$J$349,$F$100:$F$349=$A69),1)} -> 194.4575 | D69: {=_xlfn.QUARTILE.INC(_xlfn._xlws.FILTER($J$100:$J$349,$F$100:$F$349=$A69),3)} -> 957.76 | E69: {=MAX(_xlfn._xlws.FILTER($J$100:$J$349,$F$100:$F$349=$A69))} -> 24064.6 | F69: {=MEDIAN(_xlfn._xlws.FILTER($J$100:$J$349,$F$100:$F$349=$A69))} -> 427.29
A70: Maya Rodriguez | B70: {=MIN(_xlfn._xlws.FILTER($J$100:$J$349,$F$100:$F$349=$A70))} -> 45.33 | C70: {=_xlfn.QUARTILE.INC(_xlfn._xlws.FILTER($J$100:$J$349,$F$100:$F$349=$A70),1)} -> 114.94 | D70: {=_xlfn.QUARTILE.INC(_xlfn._xlws.FILTER($J$100:$J$349,$F$100:$F$349=$A70),3)} -> 958.86 | E70: {=MAX(_xlfn._xlws.FILTER($J$100:$J$349,$F$100:$F$349=$A70))} -> 13307.5 | F70: {=MEDIAN(_xlfn._xlws.FILTER($J$100:$J$349,$F$100:$F$349=$A70))} -> 285.02
A71: Lukas Becker | B71: {=MIN(_xlfn._xlws.FILTER($J$100:$J$349,$F$100:$F$349=$A71))} -> 46.97 | C71: {=_xlfn.QUARTILE.INC(_xlfn._xlws.FILTER($J$100:$J$349,$F$100:$F$349=$A71),1)} -> 128.38 | D71: {=_xlfn.QUARTILE.INC(_xlfn._xlws.FILTER($J$100:$J$349,$F$100:$F$349=$A71),3)} -> 1082.795 | E71: {=MAX(_xlfn._xlws.FILTER($J$100:$J$349,$F$100:$F$349=$A71))} -> 46616 | F71: {=MEDIAN(_xlfn._xlws.FILTER($J$100:$J$349,$F$100:$F$349=$A71))} -> 276.18
A72: Owen Walsh | B72: {=MIN(_xlfn._xlws.FILTER($J$100:$J$349,$F$100:$F$349=$A72))} -> 41.17 | C72: {=_xlfn.QUARTILE.INC(_xlfn._xlws.FILTER($J$100:$J$349,$F$100:$F$349=$A72),1)} -> 101.6625 | D72: {=_xlfn.QUARTILE.INC(_xlfn._xlws.FILTER($J$100:$J$349,$F$100:$F$349=$A72),3)} -> 1939.5875 | E72: {=MAX(_xlfn._xlws.FILTER($J$100:$J$349,$F$100:$F$349=$A72))} -> 7365.2 | F72: {=MEDIAN(_xlfn._xlws.FILTER($J$100:$J$349,$F$100:$F$349=$A72))} -> 369.52
A98: Tabelle aus "Datensätze" mit den bereinigten Werten
A99: DealID | B99: Date | C99: CustomerName | D99: CategoryName | E99: SalesRep | F99: Manager | G99: Region | H99: Units | I99: UnitPrice | J99: Revenue
A100: =Datensätze!A2 -> D-1001 | B100: =Datensätze!B2 -> 45669 | C100: =Datensätze!C2 -> Phoenix Co | D100: =Datensätze!K2 -> Starter Plan | E100: =Datensätze!L2 -> Priya Patel | F100: =Datensätze!F2 -> Maya Rodriguez | G100: =Datensätze!M2 -> LATAM | H100: =Datensätze!H2 -> 1 | I100: =Datensätze!N2 -> 45.33 | J100: =Datensätze!O2 -> 45.33
A101: =Datensätze!A3 -> D-1002 | B101: =Datensätze!B3 -> 45683 | C101: =Datensätze!C3 -> Nova Inc | D101: =Datensätze!K3 -> Pro Plan | E101: =Datensätze!L3 -> David Kim | F101: =Datensätze!F3 -> Sarah Chen | G101: =Datensätze!M3 -> LATAM | H101: =Datensätze!H3 -> 1 | I101: =Datensätze!N3 -> 243.59 | J101: =Datensätze!O3 -> 243.59
A102: =Datensätze!A4 -> D-1003 | B102: =Datensätze!B4 -> 45685 | C102: =Datensätze!C4 -> Citadel Group | D102: =Datensätze!K4 -> Enterprise Plan | E102: =Datensätze!L4 -> Carlos Mendez | F102: =Datensätze!F4 -> Maya Rodriguez | G102: =Datensätze!M4 -> EMEA | H102: =Datensätze!H4 -> 10 | I102: =Datensätze!N4 -> 1330.75 | J102: =Datensätze!O4 -> 13307.5
A103: =Datensätze!A5 -> D-1004 | B103: =Datensätze!B5 -> 45725 | C103: =Datensätze!C5 -> Prism Group | D103: =Datensätze!K5 -> Business Plan | E103: =Datensätze!L5 -> Aisha Hassan | F103: =Datensätze!F5 -> Sarah Chen | G103: =Datensätze!M5 -> LATAM | H103: =Datensätze!H5 -> 1 | I103: =Datensätze!N5 -> 492.03 | J103: =Datensätze!O5 -> 492.03
A104: =Datensätze!A6 -> D-1005 | B104: =Datensätze!B6 -> 45712 | C104: =Datensätze!C6 -> Echo Labs | D104: =Datensätze!K6 -> Pro Plan | E104: =Datensätze!L6 -> Elena Rossi | F104: =Datensätze!F6 -> Lukas Becker | G104: =Datensätze!M6 -> North America | H104: =Datensätze!H6 -> 1 | I104: =Datensätze!N6 -> 233.69 | J104: =Datensätze!O6 -> 233.69
A105: =Datensätze!A7 -> D-1006 | B105: =Datensätze!B7 -> 45683 | C105: =Datensätze!C7 -> Nova Inc | D105: =Datensätze!K7 -> Add-on: Support | E105: =Datensätze!L7 -> Aisha Hassan | F105: =Datensätze!F7 -> Sarah Chen | G105: =Datensätze!M7 -> APAC | H105: =Datensätze!H7 -> 1 | I105: =Datensätze!N7 -> 116.31 | J105: =Datensätze!O7 -> 116.31
A106: =Datensätze!A8 -> D-1007 | B106: =Datensätze!B8 -> 45678 | C106: =Datensätze!C8 -> Borealis Co | D106: =Datensätze!K8 -> Add-on: Support | E106: =Datensätze!L8 -> Nina Petrov | F106: =Datensätze!F8 -> Lukas Becker | G106: =Datensätze!M8 -> LATAM | H106: =Datensätze!H8 -> 1 | I106: =Datensätze!N8 -> 146.67 | J106: =Datensätze!O8 -> 146.67
A107: =Datensätze!A9 -> D-1008 | B107: =Datensätze!B9 -> 45662 | C107: =Datensätze!C9 -> Phoenix Co | D107: =Datensätze!K9 -> Pro Plan | E107: =Datensätze!L9 -> Tom Wilson | F107: =Datensätze!F9 -> Lukas Becker | G107: =Datensätze!M9 -> LATAM | H107: =Datensätze!H9 -> 20 | I107: =Datensätze!N9 -> 249.04 | J107: =Datensätze!O9 -> 4980.8
A108: =Datensätze!A10 -> D-1009 | B108: =Datensätze!B10 -> 45669 | C108: =Datensätze!C10 -> Foundry Group | D108: =Datensätze!K10 -> Pro Plan | E108: =Datensätze!L10 -> Marcus Johnson | F108: =Datensätze!F10 -> Sarah Chen | G108: =Datensätze!M10 -> North America | H108: =Datensätze!H10 -> 1 | I108: =Datensätze!N10 -> 213.81 | J108: =Datensätze!O10 -> 213.81
A109: =Datensätze!A11 -> D-1010 | B109: =Datensätze!B11 -> 45683 | C109: =Datensätze!C11 -> Driftwood Co | D109: =Datensätze!K11 -> Business Plan | E109: =Datensätze!L11 -> Marcus Johnson | F109: =Datensätze!F11 -> Sarah Chen | G109: =Datensätze!M11 -> APAC | H109: =Datensätze!H11 -> 1 | I109: =Datensätze!N11 -> 428.51 | J109: =Datensätze!O11 -> 428.51
A110: =Datensätze!A12 -> D-1011 | B110: =Datensätze!B12 -> 45674 | C110: =Datensätze!C12 -> Harbor Inc | D110: =Datensätze!K12 -> Business Plan | E110: =Datensätze!L12 -> James Park | F110: =Datensätze!F12 -> Owen Walsh | G110: =Datensätze!M12 -> North America | H110: =Datensätze!H12 -> 1 | I110: =Datensätze!N12 -> 410.61 | J110: =Datensätze!O12 -> 410.61
A111: =Datensätze!A13 -> D-1012 | B111: =Datensätze!B13 -> 45677 | C111: =Datensätze!C13 -> Lumen Labs | D111: =Datensätze!K13 -> Add-on: Analytics | E111: =Datensätze!L13 -> Priya Patel | F111: =Datensätze!F13 -> Maya Rodriguez | G111: =Datensätze!M13 -> LATAM | H111: =Datensätze!H13 -> 5 | I111: =Datensätze!N13 -> 103.1 | J111: =Datensätze!O13 -> 515.5
... A349: =Datensätze!A251 -> D-1250 | B349: =Datensätze!B251 -> 45667 | C349: =Datensätze!C251 -> Kestrel Co | D349: =Datensätze!K251 -> Starter Plan | E349: =Datensätze!L251 -> James Park | F349: =Datensätze!F251 -> Owen Walsh | G349: =Datensätze!M251 -> North America | H349: =Datensätze!H251 -> 1 | I349: =Datensätze!N251 -> 70.61 | J349: =Datensätze!O251 -> 70.61
A350: =Datensätze!A252 -> 0
A351: =Datensätze!A253 -> 0
A352: =Datensätze!A254 -> 0
A353: =Datensätze!A255 -> 0
A354: =Datensätze!A256 -> 0
A355: =Datensätze!A257 -> 0
A356: =Datensätze!A258 -> 0
A357: =Datensätze!A259 -> 0
A358: =Datensätze!A260 -> 0
A359: =Datensätze!A261 -> 0
A360: =Datensätze!A262 -> 0
A361: =Datensätze!A263 -> 0
... A363: =Datensätze!A265 -> 0

Sheet Pivot-Tabellen
A1: SUM of Revenue | B1: CategoryName
A2: SalesRep | B2: Starter Plan | C2: Pro Plan | D2: Enterprise Plan | E2: Business Plan | F2: Add-on: Support | G2: Add-on: Analytics | H2: Gesamtergebnis
A3: Aisha Hassan | B3: 1173.93 | C3: 15262.84 | D3: 12154 | E3: 4427.08 | F3: 249.04 | G3: 604.26 | H3: 33871.15
A4: Carlos Mendez | B4: 4610.26 | C4: 3745.67 | D4: 15653.27 | E4: 403.84 | F4: 114.94 | G4: 183.21 | H4: 24711.19
A5: David Kim | B5: 2509.99 | C5: 6607.08 | D5: 26430.16 | E5: 3858.23 | G5: 1647.13 | H5: 41052.59
A6: Elena Rossi | B6: 3973.4 | C6: 996.5 | D6: 4503.4 | E6: 10192.24 | F6: 198.53 | G6: 373.45 | H6: 20237.52
A7: Hannah Lee | B7: 4840.27 | C7: 4164.71 | E7: 7524.34 | F7: 1759.48 | G7: 4245.2 | H7: 22534
A8: James Park | B8: 2475.44 | C8: 4790.61 | D8: 2533 | E8: 3076.84 | G8: 2319.25 | H8: 15195.14
A9: Marcus Johnson | B9: 747.95 | C9: 8780.22 | D9: 56800.24 | E9: 10763.03 | F9: 1163.97 | G9: 696.56 | H9: 78951.97
A10: Nina Petrov | B10: 1107.58 | C10: 14152.34 | D10: 47925.46 | E10: 1199.6 | F10: 294.63 | G10: 95.13 | H10: 64774.74
A11: Priya Patel | B11: 425.02 | C11: 3380.64 | D11: 2728.47 | E11: 1377.55 | F11: 1882.42 | G11: 515.5 | H11: 10309.6
A12: Raj Sharma | B12: 3078.66 | C12: 11872.97 | E12: 7365.2 | G12: 95.39 | H12: 22412.22
A13: Sophie Laurent | B13: 5819.56 | C13: 1177.11 | D13: 958.86 | E13: 4908.2 | F13: 2214.32 | G13: 104.56 | H13: 15182.61
A14: Tom Wilson | B14: 1406.89 | C14: 10276.16 | D14: 1227.17 | E14: 1335.01 | F14: 330.86 | G14: 825.73 | H14: 15401.82
A15: Gesamtergebnis | B15: 32168.95 | C15: 85206.85 | D15: 170914.03 | E15: 56431.16 | F15: 8208.19 | G15: 11705.37 | H15: 364634.55
A18: SUM of Revenue | B18: Region
A19: SalesRep | B19: APAC | C19: EMEA | D19: LATAM | E19: North America | F19: Gesamtergebnis
A20: Aisha Hassan | B20: 13491.73 | C20: 667.97 | D20: 5480.51 | E20: 14230.94 | F20: 33871.15
A21: Carlos Mendez | B21: 4015.28 | C21: 16125.9 | D21: 3357.63 | E21: 1212.38 | F21: 24711.19
A22: David Kim | B22: 1075.49 | C22: 8161.66 | D22: 24600.09 | E22: 7215.35 | F22: 41052.59
A23: Elena Rossi | B23: 17856.3 | C23: 112.19 | D23: 260.51 | E23: 2008.52 | F23: 20237.52
A24: Hannah Lee | B24: 7564.81 | C24: 275.18 | D24: 8172.73 | E24: 6521.28 | F24: 22534
A25: James Park | B25: 372.97 | C25: 4705.65 | D25: 784.01 | E25: 9332.51 | F25: 15195.14
A26: Marcus Johnson | B26: 14117 | C26: 28295.08 | D26: 26328.69 | E26: 10211.2 | F26: 78951.97
A27: Nina Petrov | B27: 47137.04 | C27: 3848.72 | D27: 11835.36 | E27: 1953.62 | F27: 64774.74
A28: Priya Patel | B28: 2310.33 | C28: 3060.53 | D28: 2125.56 | E28: 2813.18 | F28: 10309.6
A29: Raj Sharma | B29: 5953.04 | C29: 2149.66 | D29: 996 | E29: 13313.52 | F29: 22412.22
A30: Sophie Laurent | B30: 5058.26 | C30: 7650.38 | D30: 946.37 | E30: 1527.6 | F30: 15182.61
A31: Tom Wilson | B31: 1073.24 | C31: 3096 | D31: 8987.68 | E31: 2244.9 | F31: 15401.82
A32: Gesamtergebnis | B32: 120025.49 | C32: 78148.92 | D32: 93875.14 | E32: 72585 | F32: 364634.55
A36: Diegos Fragen:
A37: Wer ist in welcher Produktlinie stark?
A38: Wir haben eine klare Spezialisierung. Marcus Johnson und Nina Petrov sind unsere Schwergewichte im Enterprise-Bereich. David Kim ist unser unangefochtener Spezialist für Business-Pläne, der hier mehr Umsatz generiert als jeder andere Kollege in einer einzelnen Kategorie.
A42: Wem gehört welche Region?
A43: Die Verantwortlichkeiten sind geografisch klar verteilt. Nina Petrov ist die dominierende Kraft im APAC-Raum, während Marcus Johnson EMEA und David Kim LATAM anführen. In North America erzielt Aisha Hassan das beste Ergebnis, wobei der Markt hier im Vergleich zu APAC und EMEA weniger stark von einer einzelnen Person dominiert wird.

Sheet Top-Performer
A1: Top-Vertriebsmitarbeiter nach Anzahl der abgeschlossenen Geschäfte
A2: Vertriebsmitarbeiter | B2: Anzahl der Geschäfte
A3: Marcus Johnson | B3: 37
A4: Aisha Hassan | B4: 28
A5: David Kim | B5: 23
A6: Carlos Mendez | B6: 23
A7: Nina Petrov | B7: 22
A8: Priya Patel | B8: 21
A9: Hannah Lee | B9: 18
A10: Elena Rossi | B10: 17
A11: Raj Sharma | B11: 17
A12: Tom Wilson | B12: 16
A13: James Park | B13: 15
A14: Sophie Laurent | B14: 13
A17: Top-Vertriebsmitarbeiter nach durchschnittlichem Geschäftsvolumen
A18: Vertriebsmitarbeiter | B18: Duchschnittliches Geschäftvolumen
A19: Nina Petrov | B19: 2944.3064
A20: Marcus Johnson | B20: 2133.837
A21: David Kim | B21: 1784.8952
A22: Raj Sharma | B22: 1318.3659
A23: Hannah Lee | B23: 1251.8889
A24: Aisha Hassan | B24: 1209.6839
A25: Elena Rossi | B25: 1190.4424
A26: Sophie Laurent | B26: 1167.8931
A27: Carlos Mendez | B27: 1074.3996
A28: James Park | B28: 1013.0093
A29: Tom Wilson | B29: 962.61375
A30: Priya Patel | B30: 490.93333
A33: Die 10 größten Transaktionen des ersten Quartals
A34: Nina Petrov | B34: 46616
A35: David Kim | B35: 24064.6
A36: Marcus Johnson | B36: 23615.2
A37: Marcus Johnson | B37: 20087.4
A38: Carlos Mendez | B38: 13307.5
A39: Aisha Hassan | B39: 11180.7
A40: Aisha Hassan | B40: 10735.5
A41: Nina Petrov | B41: 10075.5
A42: Marcus Johnson | B42: 9870.6
A43: Elena Rossi | B43: 9741.8

Sheet Diagramme

Sheet README
A1: Arbeitsmappe „PeakFlow Q1 2025“ Diese Arbeitsmappe enthält die vollständige Analyse des Vertriebs im ersten Quartal 2025. Sie wurde erstellt, um die Leistung des Vertriebsteams transparent zu machen und strategische Fragen zur Umsatzverteilung und Mitarbeiterleistung zu beantworten. 1. Registerkarte: Datensätze Vorgehensweise: Import der Rohdaten aus der CSV-Datei. Bereinigung: Löschung von zwei Testzeilen (D-TEST1, D-TEST2), Korrektur von Tippfehlern bei Kategorien, Entfernung führender Leerzeichen bei den Vertriebsmitarbeitern und Vereinheitlichung der Spalte „Region“. Technik: Umwandlung der Spalten „UnitPrice“ und „Revenue“ in ein numerisches Zahlenformat. Kontrolle: Die Datenbasis umfasst nach der Bereinigung exakt 250 Transaktionen mit einem Gesamtumsatz von 364.634,55 €. 2. Registerkarte: Zusammenfassung Vorgehensweise: Anwendung statistischer Funktionen auf die Spalte „Revenue“. Methodik & verwendete Formeln: Anzahl der Deals: =COUNT(Revenue) → 250 Gesamtumsatz: =SUM(Revenue) → 364.634,55 € Mittelwert: =AVERAGE(Revenue) → 1.458,54 € Median: =MEDIAN(Revenue) → 386,76 € Minimum: =MIN(Revenue) → 41,17 € Maximum: =MAX(Revenue) → 46.616,00 € Spannweite (Bereich): =MAX(Revenue) - MIN(Revenue) → 46.574,83 € Standardabweichung: =STDEV(Revenue) → 3.963,94 € Quartil (Q1): =QUARTILE(Revenue, 1) → 131,40 € Quartil (Q3): =QUARTILE(Revenue, 3) → 994,38 € 3. Registerkarte: Pivot-Tabellen Vorgehensweise: Analyse der Teamleistung über zwei Pivot-Tabellen. Technik: Verwendung der „Summe von Revenue“ als Wertfeld. Auswertungen: Vertriebsmitarbeiter × Kategorie: Identifikation von Spezialisierungen der Mitarbeiter pro Produktlinie. Vertriebsmitarbeiter × Region: Analyse der regionalen Zuständigkeiten und Umsatzbeiträge. 4. Registerkarte: Top-Performer Vorgehensweise: Identifikation der Leistungsspitzen durch Sortier- und Filteransichten. Formeln & Technik: Anzahl der Geschäfte: =COUNTIF() pro Vertriebsmitarbeiter, sortiert absteigend. Durchschnittsvolumen: Berechnung über =AVERAGEIF() pro Mitarbeiter. Größte Transaktionen: Anwendung der Funktion =SORT() (bzw. Filtern), um die Top 10 der „Revenue“-Spalte zu isolieren. 5. Registerkarte: Diagramme Vorgehensweise: Visuelle Aufbereitung zur Beantwortung der Fragen von Diego Vargas. Methodik: Erstellung von fünf Diagrammtypen (Liniendiagramm, Säulendiagramm, Histogramm, Streudiagramm, Boxplot). Standards: Alle Diagramme verwenden präzise „Takeaway“-Titel, eine einheitliche Akzentfarbe (Blau) für den Fokus und eine konsequente Nullpunkt-Skalierung bei Balkendarstellungen. 6. Registerkarte: README (dieses Dokument) Zweck: Dokumentation des gesamten Arbeitsablaufs und der getroffenen Annahmen, um Nicht-Analysten die Interpretation der vorliegenden Zahlen und Analysen zu erleichtern.
